id,registration,first_seen,last_seen,times_seen,reason
308,EC-NIS,2025-02-10 10:45,2025-08-31 10:05,9,
527,EC-IEG,2025-02-12 11:37,2025-08-31 10:05,7,
582,EC-NLP,2025-02-14 02:24,2025-08-31 10:05,10,
685,HB-JVN,2025-05-09 09:05,2025-08-31 10:05,2,
68,EC-NZJ,2025-01-29T22:22:07Z,2025-08-31 09:50,4,
880,EC-LUL,2025-05-13 09:40,2025-08-31 09:50,2,
129,EC-KUB,2025-02-09 10:30,2025-08-31 09:45,15,
185,EC-NTI,2025-02-09 12:55,2025-08-31 09:45,26,
223,EC-NTP,2025-02-09 14:35,2025-08-31 09:45,17,
1002,EC-ONR,2025-05-14 09:40,2025-08-31 09:45,2,
1398,PH-BXN,2025-05-24 09:07,2025-08-31 09:45,2,
203,EC-NUD,2025-02-09 13:40,2025-08-31 09:40,16,
102,EC-LVD,2025-01-30T06:22:00Z,2025-08-31 09:25,19,
285,EC-MLO,2025-02-09 20:15,2025-08-31 09:25,10,
56,EC-IZR,2025-01-30T05:40:00Z,2025-08-31 09:20,15,
106,EC-NVS,2025-01-30T06:07:00Z,2025-08-31 09:20,12,
165,EC-MVZ,2025-02-09 10:15,2025-08-31 09:15,15,
1765,9H-WDG,2025-05-28 18:27,2025-08-31 09:15,2,
528,EC-MKV,2025-02-12 12:09,2025-08-31 09:10,4,
57,EC-MDK,2025-01-30T05:30:00Z,2025-08-31 09:00,17,
126,EC-ILQ,2025-02-09 10:25,2025-08-31 09:00,8,
339,EC-ILP,2025-02-10 12:50,2025-08-31 09:00,4,
2288,N808NW,2025-06-08 09:20,2025-08-31 09:00,2,
1852,LZ-FRA,2025-05-30 08:31,2025-08-31 08:55,2,
214,EC-LXQ,2025-02-09 14:15,2025-08-31 08:50,2,
164,EC-JLI,2025-02-09 10:15,2025-08-31 08:45,4,
122,EC-NFZ,2025-02-09 10:20,2025-08-31 08:40,3,
915,EC-LPN,2025-05-13 14:20,2025-08-31 08:40,2,
1149,D-AIEF,2025-05-15 12:05,2025-08-31 08:35,2,
763,EC-OLG,2025-05-10 09:40,2025-08-31 08:25,3,
1087,F-GZHA,2025-05-14 20:40,2025-08-31 08:25,2,
52,EC-LZJ,2025-01-29T22:44:00Z,2025-08-31 08:20,19,
995,N68061,2025-05-14 08:35,2025-08-31 08:20,2,
2338,N828AA,2025-06-09 14:08,2025-06-09 14:08,1,
2335,A7-BAF,2025-06-09 13:59,2025-06-09 13:59,1,
2334,D-AIRF,2025-06-09 13:46,2025-06-09 13:46,1,
2337,N783AN,2025-06-09 13:02,2025-06-09 13:02,1,
2333,LZ-LON,2025-06-09 12:51,2025-06-09 12:51,1,
2332,9H-QDC,2025-06-09 12:44,2025-06-09 12:44,1,
2331,TC-RFA,2025-06-09 12:39,2025-06-09 12:39,1,
2330,TC-LSV,2025-06-09 12:30,2025-06-09 12:30,1,
2329,CN-RGO,2025-06-09 12:25,2025-06-09 12:25,1,
2328,F-HUYU,2025-06-09 12:19,2025-06-09 12:19,1,
2327,SE-ROY,2025-06-09 12:17,2025-06-09 12:17,1,
2326,C-GOIF,2025-06-09 12:12,2025-06-09 12:12,1,
2336,TC-JOB,2025-06-09 12:10,2025-06-09 12:10,1,
2320,PH-BXI,2025-06-09 12:05,2025-06-09 12:05,1,
2319,G-EUUL,2025-06-09 11:15,2025-06-09 11:15,1,
2325,A6-ETH,2025-06-09 10:54,2025-06-09 10:54,1,
2324,G-TTSE,2025-06-09 10:45,2025-06-09 10:45,1,
2318,D-AISP,2025-06-09 10:25,2025-06-09 10:25,1,
2323,N759AN,2025-06-09 10:17,2025-06-09 10:17,1,
2321,F-HZUT,2025-06-09 10:15,2025-06-09 10:15,1,
2322,G-EZBT,2025-06-09 10:15,2025-06-09 10:15,1,
2317,SX-DNB,2025-06-09 00:10,2025-06-09 00:10,1,
2316,D-AISQ,2025-06-08 23:15,2025-06-08 23:15,1,
2315,G-UZLW,2025-06-08 21:10,2025-06-08 21:10,1,
2314,D-AISC,2025-06-08 20:05,2025-06-08 20:05,1,
2312,9H-WNT,2025-06-08 18:20,2025-06-08 18:20,1,
2313,HA-LXP,2025-06-08 18:20,2025-06-08 18:20,1,
2311,SE-ROJ,2025-06-08 17:45,2025-06-08 17:45,1,
2310,EI-EVS,2025-06-08 17:25,2025-06-08 17:25,1,
2309,F-GRHZ,2025-06-08 17:00,2025-06-08 17:00,1,
2308,EI-EIE,2025-06-08 16:50,2025-06-08 16:50,1,
2307,EC-NAB,2025-06-08 16:30,2025-06-08 16:30,1,
2306,OE-LQS,2025-06-08 16:25,2025-06-08 16:25,1,
2305,JY-AYU,2025-06-08 14:45,2025-06-08 14:45,1,
2303,SP-LWB,2025-06-08 14:25,2025-06-08 14:25,1,
2304,D-AINP,2025-06-08 14:18,2025-06-08 14:18,1,
2302,HB-JXQ,2025-06-08 13:30,2025-06-08 13:30,1,
2300,9H-QAB,2025-06-08 12:57,2025-06-08 12:57,1,
2299,N811AB,2025-06-08 12:52,2025-06-08 12:52,1,
2297,F-GZHE,2025-06-08 12:50,2025-06-08 12:50,1,
2301,OO-SSR,2025-06-08 12:50,2025-06-08 12:50,1,
2298,TC-NCH,2025-06-08 12:46,2025-06-08 12:46,1,
2295,HB-JXQ,2025-06-08 12:16,2025-06-08 12:16,1,
2296,TC-JNB,2025-06-08 12:13,2025-06-08 12:13,1,
2294,OO-SSR,2025-06-08 11:45,2025-06-08 11:45,1,
2291,LN-DYM,2025-06-08 11:22,2025-06-08 11:22,1,
2292,G-EUUW,2025-06-08 10:35,2025-06-08 10:35,1,
2289,N826NW,2025-06-08 10:16,2025-06-08 10:16,1,
2293,HB-JVP,2025-06-08 10:15,2025-06-08 10:15,1,
2290,EI-DEG,2025-06-08 10:06,2025-06-08 10:06,1,
2287,N76065,2025-06-08 09:15,2025-06-08 09:15,1,
2286,F-GTAM,2025-06-08 09:00,2025-06-08 09:00,1,
2285,N736AT,2025-06-08 08:30,2025-06-08 08:30,1,
2284,F-HUYX,2025-06-08 08:05,2025-06-08 08:05,1,
2283,XA-AMX,2025-06-08 07:30,2025-06-08 07:30,1,
2282,C-GKUG,2025-06-08 05:55,2025-06-08 05:55,1,
2281,EI-EID,2025-06-08 00:00,2025-06-08 00:00,1,
2280,A6-ENE,2025-06-07 19:52,2025-06-07 19:52,1,
2279,A6-BLC,2025-06-07 19:48,2025-06-07 19:48,1,
2278,9H-WAL,2025-06-07 19:45,2025-06-07 19:45,1,
2277,EI-GXI,2025-06-07 19:28,2025-06-07 19:28,1,
2269,PH-BGQ,2025-06-07 19:20,2025-06-07 19:20,1,
2276,HB-JVX,2025-06-07 19:20,2025-06-07 19:20,1,
2275,B-308E,2025-06-07 19:09,2025-06-07 19:09,1,
2268,F-HZUD,2025-06-07 18:56,2025-06-07 18:56,1,
2274,9H-WDV,2025-06-07 18:48,2025-06-07 18:48,1,
2267,9H-WNM,2025-06-07 18:30,2025-06-07 18:30,1,
2273,9H-VJC,2025-06-07 18:29,2025-06-07 18:29,1,
2265,HA-LXA,2025-06-07 18:25,2025-06-07 18:25,1,
2266,9H-VJC,2025-06-07 18:25,2025-06-07 18:25,1,
2272,9H-WNM,2025-06-07 18:02,2025-06-07 18:02,1,
2264,EI-GSJ,2025-06-07 17:53,2025-06-07 17:53,1,
2271,HA-LXA,2025-06-07 17:51,2025-06-07 17:51,1,
2263,D-AIRY,2025-06-07 17:25,2025-06-07 17:25,1,
2270,N477MC,2025-06-07 17:24,2025-06-07 17:24,1,
2262,A7-BFS,2025-06-07 17:05,2025-06-07 17:05,1,
2260,F-GTAQ,2025-06-07 16:46,2025-06-07 16:46,1,
2261,XU-725,2025-06-07 16:44,2025-06-07 16:44,1,
2258,G-EUPS,2025-06-07 16:42,2025-06-07 16:42,1,
2259,TC-JOI,2025-06-07 15:56,2025-06-07 15:56,1,
2257,F-HUYO,2025-06-07 15:29,2025-06-07 15:29,1,
2256,A7-BFH,2025-06-07 15:02,2025-06-07 15:02,1,
2255,EI-GXK,2025-06-07 13:30,2025-06-07 13:30,1,
2254,TC-RBT,2025-06-07 13:00,2025-06-07 13:00,1,
2252,N832AA,2025-06-07 12:45,2025-06-07 12:45,1,
2253,SU-BUT,2025-06-07 12:45,2025-06-07 12:45,1,
2251,9H-VUR,2025-06-07 12:20,2025-06-07 12:20,1,
2250,SX-DGA,2025-06-07 11:30,2025-06-07 11:30,1,
2249,9H-WDZ,2025-06-07 09:35,2025-06-07 09:35,1,
2248,N801NW,2025-06-07 09:30,2025-06-07 09:30,1,
2247,N815AA,2025-06-07 08:40,2025-06-07 08:40,1,
2246,HA-LVD,2025-06-07 08:30,2025-06-07 08:30,1,
2245,N431GT,2025-06-07 07:37,2025-06-07 07:37,1,
2244,C-GFAF,2025-06-07 06:10,2025-06-07 06:10,1,
2243,D-AIEG,2025-06-06 23:40,2025-06-06 23:40,1,
2242,EI-EKD,2025-06-06 23:15,2025-06-06 23:15,1,
2241,9H-WAN,2025-06-06 20:45,2025-06-06 20:45,1,
2240,SP-RSZ,2025-06-06 20:20,2025-06-06 20:20,1,
2239,F-HXSN,2025-06-06 20:15,2025-06-06 20:15,1,
2238,A6-EPJ,2025-06-06 19:55,2025-06-06 19:55,1,
2237,PH-AXH,2025-06-06 19:40,2025-06-06 19:40,1,
2236,EI-DWE,2025-06-06 19:35,2025-06-06 19:35,1,
2235,HA-LXI,2025-06-06 19:25,2025-06-06 19:25,1,
2234,HB-JCA,2025-06-06 19:05,2025-06-06 19:05,1,
2233,G-DBCD,2025-06-06 16:15,2025-06-06 16:15,1,
2232,N220QS,2025-06-06 15:00,2025-06-06 15:00,1,
2231,N819AN,2025-06-06 13:25,2025-06-06 13:25,1,
2230,TC-RBR,2025-06-06 12:45,2025-06-06 12:45,1,
2228,D-AIEK,2025-06-06 12:30,2025-06-06 12:30,1,
2229,EI-HGO,2025-06-06 12:30,2025-06-06 12:30,1,
2227,SU-SKC,2025-06-06 12:20,2025-06-06 12:20,1,
2226,EI-SCB,2025-06-06 12:10,2025-06-06 12:10,1,
2225,9H-QAO,2025-06-06 12:05,2025-06-06 12:05,1,
2224,OO-SSF,2025-06-06 12:00,2025-06-06 12:00,1,
2222,SU-BUN,2025-06-06 11:35,2025-06-06 11:35,1,
2223,SX-DNH,2025-06-06 11:35,2025-06-06 11:35,1,
2221,G-TNEB,2025-06-06 11:05,2025-06-06 11:05,1,
2220,B-LQB,2025-06-06 08:00,2025-06-06 08:00,1,
2219,N728AN,2025-06-06 07:35,2025-06-06 07:35,1,
2218,C-GHLM,2025-06-06 06:00,2025-06-06 06:00,1,
2217,EI-HOA,2025-06-06 00:25,2025-06-06 00:25,1,
2216,D-AIQW,2025-06-05 23:15,2025-06-05 23:15,1,
2215,9H-QBQ,2025-06-05 20:10,2025-06-05 20:10,1,
2214,D-AISO,2025-06-05 19:55,2025-06-05 19:55,1,
2213,SE-RPJ,2025-06-05 19:40,2025-06-05 19:40,1,
2212,9H-QBQ,2025-06-05 19:35,2025-06-05 19:35,1,
2211,LN-NIL,2025-06-05 19:30,2025-06-05 19:30,1,
2210,HA-LYH,2025-06-05 19:25,2025-06-05 19:25,1,
2209,9H-VVC,2025-06-05 18:45,2025-06-05 18:45,1,
2208,SP-RKN,2025-06-05 18:40,2025-06-05 18:40,1,
2207,9H-WNN,2025-06-05 18:35,2025-06-05 18:35,1,
2206,D-AISU,2025-06-05 16:00,2025-06-05 16:00,1,
2205,XA-AMR,2025-06-05 15:55,2025-06-05 15:55,1,
2204,SP-LVP,2025-06-05 14:35,2025-06-05 14:35,1,
2203,B-146,2025-06-05 14:25,2025-06-05 14:25,1,
2201,CC-BGZ,2025-06-05 14:20,2025-06-05 14:20,1,
2200,A7-BAZ,2025-06-05 13:50,2025-06-05 13:50,1,
2202,CC-BBF,2025-06-05 13:25,2025-06-05 13:25,1,
2199,OK-TVJ,2025-06-05 13:10,2025-06-05 13:10,1,
2198,SE-ROM,2025-06-05 13:05,2025-06-05 13:05,1,
2197,TC-NCP,2025-06-05 13:00,2025-06-05 13:00,1,
2196,EI-EBV,2025-06-05 12:30,2025-06-05 12:30,1,
2195,C-GOJQ,2025-06-05 12:05,2025-06-05 12:05,1,
2194,YL-ABF,2025-06-05 11:55,2025-06-05 11:55,1,
2193,G-TTNN,2025-06-05 11:05,2025-06-05 11:05,1,
2192,EI-DSU,2025-06-05 10:45,2025-06-05 10:45,1,
2191,N756AM,2025-06-05 05:20,2025-06-05 05:20,1,
2190,D-AIZH,2025-06-04 23:25,2025-06-04 23:25,1,
2189,9H-WDX,2025-06-04 20:05,2025-06-04 20:05,1,
2188,D-AISG,2025-06-04 19:35,2025-06-04 19:35,1,
2187,B-32DW,2025-06-04 19:30,2025-06-04 19:30,1,
2186,A6-EGN,2025-06-04 18:30,2025-06-04 18:30,1,
2185,4X-EKA,2025-06-04 17:55,2025-06-04 17:55,1,
2184,D-AIUD,2025-06-04 17:45,2025-06-04 17:45,1,
2183,SP-RKV,2025-06-04 17:40,2025-06-04 17:40,1,
2182,F-GZHK,2025-06-04 17:05,2025-06-04 17:05,1,
2181,SP-LWG,2025-06-04 14:35,2025-06-04 14:35,1,
2180,N809AA,2025-06-04 14:10,2025-06-04 14:10,1,
2178,TC-RDO,2025-06-04 13:05,2025-06-04 13:05,1,
2179,D-AISZ,2025-06-04 13:05,2025-06-04 13:05,1,
2177,F-GZHY,2025-06-04 12:15,2025-06-04 12:15,1,
2176,D-AISZ,2025-06-04 12:10,2025-06-04 12:10,1,
2175,EI-SIK,2025-06-04 12:05,2025-06-04 12:05,1,
2174,TC-LSU,2025-06-04 09:39,2025-06-04 09:39,1,
2173,EI-DEK,2025-06-04 09:27,2025-06-04 09:27,1,
2171,N815NW,2025-06-04 09:06,2025-06-04 09:06,1,
2170,OE-LSQ,2025-06-04 09:04,2025-06-04 09:04,1,
2172,G-EZDD,2025-06-04 09:02,2025-06-04 09:02,1,
2168,B-LQD,2025-06-04 08:12,2025-06-04 08:12,1,
2169,9H-VUO,2025-06-04 08:08,2025-06-04 08:08,1,
2167,C-FGEO,2025-06-04 07:50,2025-06-04 07:50,1,
2166,B-323H,2025-06-04 07:38,2025-06-04 07:38,1,
2165,N76064,2025-06-04 07:20,2025-06-04 07:20,1,
2164,C-GHKC,2025-06-04 06:23,2025-06-04 06:23,1,
2163,N786AN,2025-06-04 05:34,2025-06-04 05:34,1,
2161,EI-DWG,2025-06-04 00:18,2025-06-04 00:18,1,
2162,A6-EFO,2025-06-04 00:04,2025-06-04 00:04,1,
2159,F-GZHT,2025-06-03 23:55,2025-06-03 23:55,1,
2160,SX-DGE,2025-06-03 23:55,2025-06-03 23:55,1,
2158,EI-IKK,2025-06-03 23:46,2025-06-03 23:46,1,
2157,F-GKXS,2025-06-03 23:16,2025-06-03 23:16,1,
2156,D-AIUI,2025-06-03 22:27,2025-06-03 22:27,1,
2155,EI-HMT,2025-06-03 22:17,2025-06-03 22:17,1,
2152,G-UZHA,2025-06-03 21:05,2025-06-03 21:05,1,
2151,9H-QBY,2025-06-03 20:42,2025-06-03 20:42,1,
2154,EC-MNB,2025-06-03 20:15,2025-06-03 20:15,1,
2149,9H-VUI,2025-06-03 20:10,2025-06-03 20:10,1,
2153,CS-TPW,2025-06-03 20:00,2025-06-03 20:00,1,
2150,9H-WNV,2025-06-03 19:55,2025-06-03 19:55,1,
2148,A6-EWE,2025-06-03 19:53,2025-06-03 19:53,1,
2146,EI-DLY,2025-06-03 19:15,2025-06-03 19:15,1,
2145,HB-IJL,2025-06-03 19:00,2025-06-03 19:00,1,
2147,EC-NNV,2025-06-03 19:00,2025-06-03 19:00,1,
2144,A7-BFJ,2025-06-03 17:16,2025-06-03 17:16,1,
2143,TC-JOH,2025-06-03 16:05,2025-06-03 16:05,1,
2142,F-HEPG,2025-06-03 15:49,2025-06-03 15:49,1,
2141,TC-RFF,2025-06-03 15:30,2025-06-03 15:30,1,
2139,A7-BAX,2025-06-03 13:58,2025-06-03 13:58,1,
2140,N857GT,2025-06-03 13:13,2025-06-03 13:13,1,
2138,HZ-ARB,2025-06-03 13:06,2025-06-03 13:06,1,
2136,TC-RBJ,2025-06-03 13:00,2025-06-03 13:00,1,
2135,TC-LPO,2025-06-03 12:40,2025-06-03 12:40,1,
2134,D-AIRM,2025-06-03 12:20,2025-06-03 12:20,1,
2133,9H-QCX,2025-06-03 12:10,2025-06-03 12:10,1,
2137,G-TTNR,2025-06-03 12:10,2025-06-03 12:10,1,
2132,EI-SIZ,2025-06-03 11:45,2025-06-03 11:45,1,
2131,SX-NAC,2025-06-03 11:35,2025-06-03 11:35,1,
2130,G-TTNR,2025-06-03 11:20,2025-06-03 11:20,1,
2127,EI-EFE,2025-06-03 10:51,2025-06-03 10:51,1,
2128,CC-BBC,2025-06-03 10:45,2025-06-03 10:45,1,
2126,EI-HGT,2025-06-03 10:44,2025-06-03 10:44,1,
2129,9H-LOO,2025-06-03 09:55,2025-06-03 09:55,1,
2125,4X-EKC,2025-06-03 09:38,2025-06-03 09:38,1,
2124,N827NW,2025-06-03 09:35,2025-06-03 09:35,1,
2123,EI-IGH,2025-06-03 09:30,2025-06-03 09:30,1,
2122,N885BP,2025-06-03 09:23,2025-06-03 09:23,1,
2121,HB-AYR,2025-06-03 08:58,2025-06-03 08:58,1,
2119,B-LRQ,2025-06-03 08:19,2025-06-03 08:19,1,
2120,ET-AXT,2025-06-03 08:15,2025-06-03 08:15,1,
2118,A6-BLK,2025-06-03 07:43,2025-06-03 07:43,1,
2117,A7-BHA,2025-06-03 07:18,2025-06-03 07:18,1,
2114,N793AN,2025-06-03 06:12,2025-06-03 06:12,1,
2116,C-GOFW,2025-06-03 06:08,2025-06-03 06:08,1,
2115,N782AN,2025-06-03 05:35,2025-06-03 05:35,1,
2113,EI-IJI,2025-06-03 00:54,2025-06-03 00:54,1,
2112,9H-QDJ,2025-06-02 22:45,2025-06-02 22:45,1,
2111,EC-NTM,2025-06-02 22:12,2025-06-02 22:12,1,
2110,TC-JVK,2025-06-02 21:50,2025-06-02 21:50,1,
2109,EI-EKG,2025-06-02 20:15,2025-06-02 20:15,1,
2105,A6-BLS,2025-06-02 20:03,2025-06-02 20:03,1,
2106,A6-EPP,2025-06-02 20:01,2025-06-02 20:01,1,
2108,G-EZGO,2025-06-02 19:54,2025-06-02 19:54,1,
2104,HA-LGU,2025-06-02 19:34,2025-06-02 19:34,1,
2107,9H-WBX,2025-06-02 19:19,2025-06-02 19:19,1,
2103,CN-RNZ,2025-06-02 19:14,2025-06-02 19:14,1,
2101,9H-QDV,2025-06-02 17:32,2025-06-02 17:32,1,
2099,9H-WNA,2025-06-02 17:15,2025-06-02 17:15,1,
2100,UK-32101,2025-06-02 17:05,2025-06-02 17:05,1,
2102,9H-WNA,2025-06-02 16:59,2025-06-02 16:59,1,
2098,TC-JIR,2025-06-02 16:19,2025-06-02 16:19,1,
2097,D-AINF,2025-06-02 16:07,2025-06-02 16:07,1,
2096,F-HEPE,2025-06-02 15:44,2025-06-02 15:44,1,
2095,HB-JXV,2025-06-02 15:43,2025-06-02 15:43,1,
2094,D-AINH,2025-06-02 14:36,2025-06-02 14:36,1,
2092,SP-LVC,2025-06-02 14:27,2025-06-02 14:27,1,
2091,A7-BAG,2025-06-02 14:09,2025-06-02 14:09,1,
2093,OE-ICD,2025-06-02 14:05,2025-06-02 14:05,1,
2090,CC-BGR,2025-06-02 13:45,2025-06-02 13:45,1,
2089,T7-ME2,2025-06-02 13:16,2025-06-02 13:16,1,
2088,OE-ICD,2025-06-02 13:00,2025-06-02 13:00,1,
2087,CS-TVK,2025-06-02 12:47,2025-06-02 12:47,1,
2086,TC-RDC,2025-06-02 12:42,2025-06-02 12:42,1,
2085,TC-LTN,2025-06-02 12:36,2025-06-02 12:36,1,
2084,G-NEOP,2025-06-02 12:20,2025-06-02 12:20,1,
2082,OY-KBT,2025-06-02 12:15,2025-06-02 12:15,1,
2081,PH-BXR,2025-06-02 11:52,2025-06-02 11:52,1,
2080,F-HZUM,2025-06-02 11:36,2025-06-02 11:36,1,
2079,G-TNEF,2025-06-02 11:31,2025-06-02 11:31,1,
2078,EI-ENV,2025-06-02 11:17,2025-06-02 11:17,1,
2077,N4076J,2025-06-02 11:02,2025-06-02 11:02,1,
2083,G-NEOU,2025-06-02 10:45,2025-06-02 10:45,1,
2075,CC-BGC,2025-06-02 10:19,2025-06-02 10:19,1,
2074,N784AN,2025-06-02 10:17,2025-06-02 10:17,1,
2076,HB-JCU,2025-06-02 10:15,2025-06-02 10:15,1,
2073,TC-JNK,2025-06-02 09:50,2025-06-02 09:50,1,
2072,EI-DPZ,2025-06-02 09:14,2025-06-02 09:14,1,
2071,HB-JCU,2025-06-02 09:12,2025-06-02 09:12,1,
2070,G-EZUA,2025-06-02 09:00,2025-06-02 09:00,1,
2069,ET-AUP,2025-06-02 08:23,2025-06-02 08:23,1,
2067,EI-HGX,2025-06-02 08:10,2025-06-02 08:10,1,
2068,EI-HGX,2025-06-02 08:01,2025-06-02 08:01,1,
2066,N722AN,2025-06-02 07:49,2025-06-02 07:49,1,
2065,N799AN,2025-06-02 05:41,2025-06-02 05:41,1,
2064,N791AN,2025-06-02 05:22,2025-06-02 05:22,1,
2063,EC-JEJ,2025-06-02 03:55,2025-06-02 03:55,1,
2062,EI-HGR,2025-06-02 01:28,2025-06-02 01:28,1,
2061,CS-TVH,2025-06-02 00:15,2025-06-02 00:15,1,
2059,SX-NES,2025-06-02 00:01,2025-06-02 00:01,1,
2060,CS-TTW,2025-06-01 22:45,2025-06-01 22:45,1,
2053,TS-IMB,2025-06-01 22:05,2025-06-01 22:05,1,
2055,TF-PPB,2025-06-01 21:45,2025-06-01 21:45,1,
2054,SP-RZQ,2025-06-01 20:55,2025-06-01 20:55,1,
2058,G-EUPP,2025-06-01 20:40,2025-06-01 20:40,1,
2056,SP-RZQ,2025-06-01 20:38,2025-06-01 20:38,1,
2057,A6-EFS,2025-06-01 20:25,2025-06-01 20:25,1,
2052,HB-JBI,2025-06-01 20:05,2025-06-01 20:05,1,
2050,HA-LWN,2025-06-01 20:00,2025-06-01 20:00,1,
2049,A6-EGJ,2025-06-01 19:53,2025-06-01 19:53,1,
2048,9H-WDL,2025-06-01 19:45,2025-06-01 19:45,1,
2047,SE-RPR,2025-06-01 19:30,2025-06-01 19:30,1,
2051,G-TTNB,2025-06-01 19:20,2025-06-01 19:20,1,
2044,PH-AXG,2025-06-01 19:16,2025-06-01 19:16,1,
2045,F-GSQO,2025-06-01 19:10,2025-06-01 19:10,1,
2046,HB-JBI,2025-06-01 19:08,2025-06-01 19:08,1,
2043,OO-SSJ,2025-06-01 17:45,2025-06-01 17:45,1,
2035,HA-LZI,2025-06-01 17:31,2025-06-01 17:31,1,
2042,OE-ICK,2025-06-01 17:30,2025-06-01 17:30,1,
2041,G-EUYH,2025-06-01 17:25,2025-06-01 17:25,1,
2039,TC-JNH,2025-06-01 16:57,2025-06-01 16:57,1,
2037,EI-IJA,2025-06-01 16:50,2025-06-01 16:50,1,
2038,F-HEPB,2025-06-01 16:48,2025-06-01 16:48,1,
2034,LV-GKP,2025-06-01 16:41,2025-06-01 16:41,1,
2036,OO-SSJ,2025-06-01 16:33,2025-06-01 16:33,1,
2040,A7-BFT,2025-06-01 16:05,2025-06-01 16:05,1,
2033,OE-ICK,2025-06-01 16:02,2025-06-01 16:02,1,
2030,TC-NCZ,2025-06-01 15:53,2025-06-01 15:53,1,
2029,EC-NAY,2025-06-01 15:07,2025-06-01 15:07,1,
2031,7T-VKL,2025-06-01 14:40,2025-06-01 14:40,1,
2032,VH-AMS,2025-06-01 14:10,2025-06-01 14:10,1,
2027,CC-BGU,2025-06-01 13:42,2025-06-01 13:42,1,
2025,EI-DCW,2025-06-01 13:26,2025-06-01 13:26,1,
2026,A6-EDU,2025-06-01 13:09,2025-06-01 13:09,1,
2028,G-EUPU,2025-06-01 13:00,2025-06-01 13:00,1,
2020,N964AM,2025-06-01 12:55,2025-06-01 12:55,1,
2024,HZ-AR23,2025-06-01 12:46,2025-06-01 12:46,1,
2022,CS-TXL,2025-06-01 12:44,2025-06-01 12:44,1,
2023,TC-JRZ,2025-06-01 12:42,2025-06-01 12:42,1,
2021,PH-BXK,2025-06-01 12:00,2025-06-01 12:00,1,
2019,N76054,2025-06-01 11:43,2025-06-01 11:43,1,
2010,OO-SSS,2025-06-01 11:41,2025-06-01 11:41,1,
2005,EI-DPI,2025-06-01 11:39,2025-06-01 11:39,1,
2002,EI-EVB,2025-06-01 11:36,2025-06-01 11:36,1,
2009,SE-RRB,2025-06-01 11:32,2025-06-01 11:32,1,
2003,SX-DVX,2025-06-01 11:20,2025-06-01 11:20,1,
2006,G-EZOK,2025-06-01 11:14,2025-06-01 11:14,1,
2004,F-GMZD,2025-06-01 11:13,2025-06-01 11:13,1,
2018,CC-BGA,2025-06-01 11:10,2025-06-01 11:10,1,
2001,N4062J,2025-06-01 11:06,2025-06-01 11:06,1,
2000,9H-QBW,2025-06-01 11:05,2025-06-01 11:05,1,
2017,A6-BLF,2025-06-01 10:50,2025-06-01 10:50,1,
2015,N730AN,2025-06-01 10:47,2025-06-01 10:47,1,
1999,EC-NPU,2025-06-01 10:44,2025-06-01 10:44,1,
2016,G-EUYN,2025-06-01 10:35,2025-06-01 10:35,1,
2008,9H-NFU,2025-06-01 10:30,2025-06-01 10:30,1,
1996,CS-TTS,2025-06-01 10:25,2025-06-01 10:25,1,
2014,G-EZOM,2025-06-01 10:25,2025-06-01 10:25,1,
1998,D-AISN,2025-06-01 10:24,2025-06-01 10:24,1,
1997,EI-IGW,2025-06-01 10:21,2025-06-01 10:21,1,
2013,9H-QCT,2025-06-01 10:20,2025-06-01 10:20,1,
2011,N805NW,2025-06-01 10:15,2025-06-01 10:15,1,
2012,HB-JCI,2025-06-01 10:15,2025-06-01 10:15,1,
2007,EI-EDS,2025-06-01 10:04,2025-06-01 10:04,1,
1995,A7-BFI,2025-06-01 09:55,2025-06-01 09:55,1,
1993,G-EUUO,2025-06-01 09:39,2025-06-01 09:39,1,
1994,G-EZOM,2025-06-01 09:18,2025-06-01 09:18,1,
1992,HB-JCI,2025-06-01 08:59,2025-06-01 08:59,1,
1990,N796AN,2025-06-01 08:44,2025-06-01 08:44,1,
1991,B-7839,2025-06-01 08:32,2025-06-01 08:32,1,
1989,N730AN,2025-06-01 08:01,2025-06-01 08:01,1,
1986,A6-BLF,2025-06-01 07:38,2025-06-01 07:38,1,
1988,B-329E,2025-06-01 07:35,2025-06-01 07:35,1,
1987,B-1591,2025-06-01 07:22,2025-06-01 07:22,1,
1985,A7-BHC,2025-06-01 06:49,2025-06-01 06:49,1,
1983,EI-DSW,2025-05-31 23:57,2025-05-31 23:57,1,
1984,SX-NEQ,2025-05-31 23:47,2025-05-31 23:47,1,
1982,F-HUYF,2025-05-31 23:15,2025-05-31 23:15,1,
1981,EI-EVX,2025-05-31 23:05,2025-05-31 23:05,1,
1980,9H-VUL,2025-05-31 22:19,2025-05-31 22:19,1,
1978,9H-VUG,2025-05-31 21:20,2025-05-31 21:20,1,
1979,G-EUYV,2025-05-31 21:05,2025-05-31 21:05,1,
1977,A7-BHF,2025-05-31 20:43,2025-05-31 20:43,1,
1975,G-TTNC,2025-05-31 20:23,2025-05-31 20:23,1,
1976,EI-DLI,2025-05-31 20:15,2025-05-31 20:15,1,
1974,EI-EVT,2025-05-31 19:39,2025-05-31 19:39,1,
1973,A6-EGZ,2025-05-31 19:38,2025-05-31 19:38,1,
1972,F-GRHV,2025-05-31 19:30,2025-05-31 19:30,1,
1971,PH-AXE,2025-05-31 19:16,2025-05-31 19:16,1,
1966,A6-BLP,2025-05-31 19:12,2025-05-31 19:12,1,
1965,HB-JCK,2025-05-31 19:10,2025-05-31 19:10,1,
1970,B-324W,2025-05-31 18:54,2025-05-31 18:54,1,
1969,SP-RST,2025-05-31 18:41,2025-05-31 18:41,1,
1968,9H-LOA,2025-05-31 18:35,2025-05-31 18:35,1,
1967,HA-LGV,2025-05-31 18:20,2025-05-31 18:20,1,
1960,OK-TVW,2025-05-31 17:04,2025-05-31 17:04,1,
1963,D-AING,2025-05-31 17:01,2025-05-31 17:01,1,
1962,F-HZUB,2025-05-31 17:00,2025-05-31 17:00,1,
1961,LV-FVI,2025-05-31 16:57,2025-05-31 16:57,1,
1958,G-EUPN,2025-05-31 16:14,2025-05-31 16:14,1,
1959,CN-NMI,2025-05-31 16:12,2025-05-31 16:12,1,
1964,A7-BFL,2025-05-31 16:05,2025-05-31 16:05,1,
1956,F-HUYB,2025-05-31 15:45,2025-05-31 15:45,1,
1957,HA-LZR,2025-05-31 15:37,2025-05-31 15:37,1,
1954,A7-BAW,2025-05-31 14:53,2025-05-31 14:53,1,
1953,JY-AZD,2025-05-31 14:45,2025-05-31 14:45,1,
1952,SP-LWA,2025-05-31 14:04,2025-05-31 14:04,1,
1950,PS-LAA,2025-05-31 13:45,2025-05-31 13:45,1,
1951,D-AIZN,2025-05-31 13:44,2025-05-31 13:44,1,
1955,N4073J,2025-05-31 13:30,2025-05-31 13:30,1,
1947,N831AA,2025-05-31 13:10,2025-05-31 13:10,1,
1948,A6-EUC,2025-05-31 13:08,2025-05-31 13:08,1,
1945,TC-RDB,2025-05-31 12:57,2025-05-31 12:57,1,
1946,OK-SWT,2025-05-31 12:55,2025-05-31 12:55,1,
1942,CN-RGV,2025-05-31 12:25,2025-05-31 12:25,1,
1943,SU-BVQ,2025-05-31 12:25,2025-05-31 12:25,1,
1949,G-EUUK,2025-05-31 12:25,2025-05-31 12:25,1,
1944,C-GOKC,2025-05-31 12:23,2025-05-31 12:23,1,
1941,9H-QFN,2025-05-31 11:31,2025-05-31 11:31,1,
1940,F-GRHY,2025-05-31 11:28,2025-05-31 11:28,1,
1939,G-EZTM,2025-05-31 10:54,2025-05-31 10:54,1,
1934,G-EUUD,2025-05-31 10:50,2025-05-31 10:50,1,
1938,G-EZTZ,2025-05-31 10:35,2025-05-31 10:35,1,
1935,D-AIUE,2025-05-31 10:23,2025-05-31 10:23,1,
1937,HB-AZK,2025-05-31 10:15,2025-05-31 10:15,1,
1931,CS-TVA,2025-05-31 10:05,2025-05-31 10:05,1,
1936,HA-LXJ,2025-05-31 10:00,2025-05-31 10:00,1,
1932,G-EZTM,2025-05-31 09:49,2025-05-31 09:49,1,
1930,EI-DVL,2025-05-31 09:39,2025-05-31 09:39,1,
1926,G-EZTZ,2025-05-31 09:30,2025-05-31 09:30,1,
1928,HA-LXJ,2025-05-31 09:25,2025-05-31 09:25,1,
1929,YU-APE,2025-05-31 09:23,2025-05-31 09:23,1,
1933,TC-LNC,2025-05-31 09:20,2025-05-31 09:20,1,
1927,N818NW,2025-05-31 09:14,2025-05-31 09:14,1,
1923,N808AN,2025-05-31 09:05,2025-05-31 09:05,1,
1921,ET-AYD,2025-05-31 08:55,2025-05-31 08:55,1,
1922,F-HZUO,2025-05-31 08:52,2025-05-31 08:52,1,
1925,9H-LMB,2025-05-31 08:15,2025-05-31 08:15,1,
1920,B-1546,2025-05-31 08:01,2025-05-31 08:01,1,
1919,A6-BMG,2025-05-31 07:58,2025-05-31 07:58,1,
1918,N731AN,2025-05-31 07:47,2025-05-31 07:47,1,
1917,C-GHPY,2025-05-31 07:38,2025-05-31 07:38,1,
1924,OK-HAR,2025-05-31 07:33,2025-05-31 07:33,1,
1916,N820NW,2025-05-31 07:11,2025-05-31 07:11,1,
1914,SX-NEP,2025-05-30 23:57,2025-05-30 23:57,1,
1913,F-HUYI,2025-05-30 23:20,2025-05-30 23:20,1,
1915,9H-MLY,2025-05-30 23:05,2025-05-30 23:05,1,
1911,F-GKXR,2025-05-30 22:43,2025-05-30 22:43,1,
1912,G-UZEF,2025-05-30 22:10,2025-05-30 22:10,1,
1908,TC-JTN,2025-05-30 22:03,2025-05-30 22:03,1,
1909,EC-NQN,2025-05-30 22:00,2025-05-30 22:00,1,
1910,D-AIZZ,2025-05-30 21:57,2025-05-30 21:57,1,
1905,HB-JZR,2025-05-30 21:29,2025-05-30 21:29,1,
1907,EC-NDH,2025-05-30 21:14,2025-05-30 21:14,1,
1906,G-UZEF,2025-05-30 20:57,2025-05-30 20:57,1,
1904,G-UZHT,2025-05-30 20:47,2025-05-30 20:47,1,
1900,9H-WNO,2025-05-30 20:32,2025-05-30 20:32,1,
1902,HB-JZR,2025-05-30 20:28,2025-05-30 20:28,1,
1903,A7-BHO,2025-05-30 20:28,2025-05-30 20:28,1,
1901,OE-IZJ,2025-05-30 20:08,2025-05-30 20:08,1,
1898,A6-EGP,2025-05-30 19:55,2025-05-30 19:55,1,
1899,OO-SSA,2025-05-30 19:54,2025-05-30 19:54,1,
1894,HB-JBD,2025-05-30 18:40,2025-05-30 18:40,1,
1897,SP-RZO,2025-05-30 18:39,2025-05-30 18:39,1,
1893,EI-HGW,2025-05-30 18:25,2025-05-30 18:25,1,
1896,HA-LXQ,2025-05-30 18:05,2025-05-30 18:05,1,
1892,TC-SRC,2025-05-30 18:00,2025-05-30 18:00,1,
1890,G-DBCB,2025-05-30 17:46,2025-05-30 17:46,1,
1895,OK-BIZ,2025-05-30 17:27,2025-05-30 17:27,1,
1891,EI-EVB,2025-05-30 17:15,2025-05-30 17:15,1,
1889,HL8082,2025-05-30 17:13,2025-05-30 17:13,1,
1888,9H-QEH,2025-05-30 17:01,2025-05-30 17:01,1,
1886,9H-WNL,2025-05-30 16:50,2025-05-30 16:50,1,
1887,9H-WZT,2025-05-30 16:50,2025-05-30 16:50,1,
1885,TC-LOH,2025-05-30 16:40,2025-05-30 16:40,1,
1884,G-EUPJ,2025-05-30 16:23,2025-05-30 16:23,1,
1883,D-AINJ,2025-05-30 16:01,2025-05-30 16:01,1,
1881,HB-JZX,2025-05-30 14:35,2025-05-30 14:35,1,
1880,SP-LVB,2025-05-30 13:55,2025-05-30 13:55,1,
1879,A7-BET,2025-05-30 13:54,2025-05-30 13:54,1,
1875,TC-CPE,2025-05-30 13:34,2025-05-30 13:34,1,
1878,HB-JZX,2025-05-30 13:25,2025-05-30 13:25,1,
1874,TC-LPH,2025-05-30 13:07,2025-05-30 13:07,1,
1882,N48127,2025-05-30 13:07,2025-05-30 13:07,1,
1876,OK-TSI,2025-05-30 13:00,2025-05-30 13:00,1,
1873,OE-LQR,2025-05-30 12:43,2025-05-30 12:43,1,
1877,T7-ME7,2025-05-30 12:43,2025-05-30 12:43,1,
1871,EI-IJW,2025-05-30 12:26,2025-05-30 12:26,1,
1872,EC-NPU,2025-05-30 12:20,2025-05-30 12:20,1,
1869,N964AM,2025-05-30 12:18,2025-05-30 12:18,1,
1870,OO-SSS,2025-05-30 12:11,2025-05-30 12:11,1,
1867,EC-MUT,2025-05-30 11:44,2025-05-30 11:44,1,
1868,9H-QAG,2025-05-30 11:32,2025-05-30 11:32,1,
1866,F-GTAY,2025-05-30 11:11,2025-05-30 11:11,1,
1864,EC-NPU,2025-05-30 11:04,2025-05-30 11:04,1,
1865,N4048J,2025-05-30 10:53,2025-05-30 10:53,1,
1858,EI-EPC,2025-05-30 09:43,2025-05-30 09:43,1,
1859,LN-DYY,2025-05-30 09:43,2025-05-30 09:43,1,
1861,TC-JNZ,2025-05-30 09:42,2025-05-30 09:42,1,
1855,G-EUPO,2025-05-30 09:26,2025-05-30 09:26,1,
1857,9H-NEH,2025-05-30 09:25,2025-05-30 09:25,1,
1856,G-EJCO,2025-05-30 09:15,2025-05-30 09:15,1,
1860,HB-JVY,2025-05-30 09:12,2025-05-30 09:12,1,
1854,N883BM,2025-05-30 09:11,2025-05-30 09:11,1,
1853,9H-QAL,2025-05-30 08:59,2025-05-30 08:59,1,
1862,N13113,2025-05-30 08:54,2025-05-30 08:54,1,
1863,9H-LOR,2025-05-30 08:45,2025-05-30 08:45,1,
1851,N76054,2025-05-30 08:26,2025-05-30 08:26,1,
1850,B-LRX,2025-05-30 08:23,2025-05-30 08:23,1,
1849,N69059,2025-05-30 08:02,2025-05-30 08:02,1,
1848,EI-EBK,2025-05-30 00:27,2025-05-30 00:27,1,
1847,PH-BCL,2025-05-29 23:36,2025-05-29 23:36,1,
1846,F-GKXI,2025-05-29 22:54,2025-05-29 22:54,1,
1845,EI-IJE,2025-05-29 22:17,2025-05-29 22:17,1,
1844,G-EZBH,2025-05-29 22:07,2025-05-29 22:07,1,
1843,EI-EMM,2025-05-29 21:18,2025-05-29 21:18,1,
1842,9H-VUY,2025-05-29 21:17,2025-05-29 21:17,1,
1841,G-EZBH,2025-05-29 21:02,2025-05-29 21:02,1,
1840,A7-BHQ,2025-05-29 20:45,2025-05-29 20:45,1,
1839,A6-EPC,2025-05-29 19:57,2025-05-29 19:57,1,
1838,HB-JCR,2025-05-29 19:45,2025-05-29 19:45,1,
1835,9H-WAU,2025-05-29 19:35,2025-05-29 19:35,1,
1834,LX-LBT,2025-05-29 19:33,2025-05-29 19:33,1,
1833,LN-NIK,2025-05-29 19:21,2025-05-29 19:21,1,
1832,9H-QCR,2025-05-29 19:14,2025-05-29 19:14,1,
1837,A7-BFU,2025-05-29 19:14,2025-05-29 19:14,1,
1830,LN-NIH,2025-05-29 18:57,2025-05-29 18:57,1,
1831,F-HPNA,2025-05-29 18:57,2025-05-29 18:57,1,
1829,EI-IHY,2025-05-29 18:38,2025-05-29 18:38,1,
1828,HB-JCR,2025-05-29 18:36,2025-05-29 18:36,1,
1827,EI-DCR,2025-05-29 18:07,2025-05-29 18:07,1,
1836,CS-TNV,2025-05-29 17:55,2025-05-29 17:55,1,
1826,G-EUOG,2025-05-29 17:25,2025-05-29 17:25,1,
1824,9H-QEA,2025-05-29 17:19,2025-05-29 17:19,1,
1821,G-EUYM,2025-05-29 17:02,2025-05-29 17:02,1,
1823,9H-QDT,2025-05-29 17:01,2025-05-29 17:01,1,
1822,YU-APF,2025-05-29 17:00,2025-05-29 17:00,1,
1820,9H-QAM,2025-05-29 16:52,2025-05-29 16:52,1,
1825,YL-ABI,2025-05-29 16:47,2025-05-29 16:47,1,
1819,OO-SBB,2025-05-29 16:44,2025-05-29 16:44,1,
1818,TC-JOD,2025-05-29 16:14,2025-05-29 16:14,1,
1817,G-EUOG,2025-05-29 16:11,2025-05-29 16:11,1,
1816,F-GMZA,2025-05-29 15:50,2025-05-29 15:50,1,
1815,EC-NLM,2025-05-29 15:10,2025-05-29 15:10,1,
1814,D-AIUH,2025-05-29 13:53,2025-05-29 13:53,1,
1811,A6-EES,2025-05-29 13:17,2025-05-29 13:17,1,
1812,HZ-AR28,2025-05-29 13:04,2025-05-29 13:04,1,
1810,TC-LTJ,2025-05-29 12:40,2025-05-29 12:40,1,
1808,CN-RGW,2025-05-29 12:26,2025-05-29 12:26,1,
1807,C-GOKE,2025-05-29 12:10,2025-05-29 12:10,1,
1809,EI-DPJ,2025-05-29 12:01,2025-05-29 12:01,1,
1813,D-AIEN,2025-05-29 11:48,2025-05-29 11:48,1,
1806,EI-SIF,2025-05-29 11:46,2025-05-29 11:46,1,
1805,EI-HAV,2025-05-29 11:45,2025-05-29 11:45,1,
1804,YL-ABE,2025-05-29 11:40,2025-05-29 11:40,1,
1802,PT-MUA,2025-05-29 11:35,2025-05-29 11:35,1,
1801,SX-NAQ,2025-05-29 11:14,2025-05-29 11:14,1,
1800,G-EUUR,2025-05-29 10:52,2025-05-29 10:52,1,
1798,CS-TVI,2025-05-29 10:22,2025-05-29 10:22,1,
1799,EI-HXD,2025-05-29 10:14,2025-05-29 10:14,1,
1803,I-TOPD,2025-05-29 10:06,2025-05-29 10:06,1,
1796,EI-DEJ,2025-05-29 09:43,2025-05-29 09:43,1,
1797,N828NW,2025-05-29 09:43,2025-05-29 09:43,1,
1795,9H-LMP,2025-05-29 09:35,2025-05-29 09:35,1,
1794,G-TTNH,2025-05-29 09:27,2025-05-29 09:27,1,
1792,N750AN,2025-05-29 09:18,2025-05-29 09:18,1,
1790,F-HPNG,2025-05-29 09:13,2025-05-29 09:13,1,
1793,OE-IJB,2025-05-29 08:57,2025-05-29 08:57,1,
1789,ET-ATI,2025-05-29 08:55,2025-05-29 08:55,1,
1791,EI-IJO,2025-05-29 08:51,2025-05-29 08:51,1,
1788,B-6969,2025-05-29 08:40,2025-05-29 08:40,1,
1787,EI-GXM,2025-05-29 08:32,2025-05-29 08:32,1,
1786,9H-VUB,2025-05-29 08:16,2025-05-29 08:16,1,
1784,C-FVNF,2025-05-29 08:07,2025-05-29 08:07,1,
1785,B-30CW,2025-05-29 07:59,2025-05-29 07:59,1,
1783,EC-KIZ,2025-05-29 06:00,2025-05-29 06:00,1,
1782,N788AN,2025-05-29 05:38,2025-05-29 05:38,1,
1781,A6-DDF,2025-05-29 03:16,2025-05-29 03:16,1,
1780,CS-TTS,2025-05-29 00:09,2025-05-29 00:09,1,
1779,EI-HAY,2025-05-28 23:06,2025-05-28 23:06,1,
1778,TC-JTR,2025-05-28 21:52,2025-05-28 21:52,1,
1773,A7-BHT,2025-05-28 21:07,2025-05-28 21:07,1,
1777,G-TTND,2025-05-28 20:57,2025-05-28 20:57,1,
1775,SP-RKO,2025-05-28 20:52,2025-05-28 20:52,1,
1776,HB-AYQ,2025-05-28 20:45,2025-05-28 20:45,1,
1769,A6-EGD,2025-05-28 20:26,2025-05-28 20:26,1,
1772,G-EZOP,2025-05-28 20:12,2025-05-28 20:12,1,
1774,EI-DYC,2025-05-28 20:00,2025-05-28 20:00,1,
1771,EI-DPK,2025-05-28 19:54,2025-05-28 19:54,1,
1770,G-TTND,2025-05-28 19:48,2025-05-28 19:48,1,
1768,9H-QEL,2025-05-28 19:42,2025-05-28 19:42,1,
1767,HB-AYQ,2025-05-28 19:33,2025-05-28 19:33,1,
1763,HA-LGI,2025-05-28 19:20,2025-05-28 19:20,1,
1766,B-32CZ,2025-05-28 19:08,2025-05-28 19:08,1,
1762,4X-EKB,2025-05-28 18:25,2025-05-28 18:25,1,
1761,TS-IMX,2025-05-28 18:10,2025-05-28 18:10,1,
1764,N453PA,2025-05-28 17:47,2025-05-28 17:47,1,
1760,EI-EKF,2025-05-28 17:08,2025-05-28 17:08,1,
1759,EI-EKC,2025-05-28 17:01,2025-05-28 17:01,1,
1758,EI-HOM,2025-05-28 16:49,2025-05-28 16:49,1,
1757,OO-SSV,2025-05-28 16:37,2025-05-28 16:37,1,
1755,TC-RFM,2025-05-28 16:30,2025-05-28 16:30,1,
1756,TC-JIO,2025-05-28 16:10,2025-05-28 16:10,1,
1754,F-GKXH,2025-05-28 15:37,2025-05-28 15:37,1,
1753,F-HRAV,2025-05-28 15:25,2025-05-28 15:25,1,
1752,JY-AYV,2025-05-28 15:10,2025-05-28 15:10,1,
1751,A7-BAB,2025-05-28 14:03,2025-05-28 14:03,1,
1750,EI-HGH,2025-05-28 13:45,2025-05-28 13:45,1,
1746,T7-ME3,2025-05-28 13:06,2025-05-28 13:06,1,
1749,HB-JXF,2025-05-28 12:55,2025-05-28 12:55,1,
1748,OO-SNK,2025-05-28 12:50,2025-05-28 12:50,1,
1747,TC-JST,2025-05-28 12:46,2025-05-28 12:46,1,
1745,N805AN,2025-05-28 12:42,2025-05-28 12:42,1,
1744,CN-ROP,2025-05-28 12:23,2025-05-28 12:23,1,
1741,EC-NOS,2025-05-28 12:01,2025-05-28 12:01,1,
1739,PT-MUF,2025-05-28 11:52,2025-05-28 11:52,1,
1740,OO-SNK,2025-05-28 11:48,2025-05-28 11:48,1,
1743,EI-SIW,2025-05-28 11:46,2025-05-28 11:46,1,
1742,HB-JXF,2025-05-28 11:44,2025-05-28 11:44,1,
1738,N4062J,2025-05-28 11:20,2025-05-28 11:20,1,
1734,G-NEOX,2025-05-28 10:46,2025-05-28 10:46,1,
1737,G-EUOF,2025-05-28 10:45,2025-05-28 10:45,1,
1733,D-AISN,2025-05-28 10:37,2025-05-28 10:37,1,
1736,G-EZDX,2025-05-28 10:35,2025-05-28 10:35,1,
1732,EI-HXF,2025-05-28 10:15,2025-05-28 10:15,1,
1729,TC-JSD,2025-05-28 09:57,2025-05-28 09:57,1,
1730,EI-IGY,2025-05-28 09:50,2025-05-28 09:50,1,
1731,EC-LEB,2025-05-28 09:47,2025-05-28 09:47,1,
1728,EI-EDP,2025-05-28 09:46,2025-05-28 09:46,1,
1727,G-EUOF,2025-05-28 09:17,2025-05-28 09:17,1,
1735,G-EZDX,2025-05-28 09:15,2025-05-28 09:15,1,
1726,HB-AZE,2025-05-28 09:10,2025-05-28 09:10,1,
1725,N800AN,2025-05-28 09:07,2025-05-28 09:07,1,
1724,F-HZUN,2025-05-28 08:54,2025-05-28 08:54,1,
1723,B-LRS,2025-05-28 08:12,2025-05-28 08:12,1,
1722,EI-IFZ,2025-05-28 08:07,2025-05-28 08:07,1,
1721,A6-BLU,2025-05-28 07:52,2025-05-28 07:52,1,
1720,N807NW,2025-05-28 06:35,2025-05-28 06:35,1,
1719,N752AN,2025-05-28 06:07,2025-05-28 06:07,1,
1718,N760AN,2025-05-28 05:19,2025-05-28 05:19,1,
1717,CS-TVM,2025-05-28 00:10,2025-05-28 00:10,1,
1716,EI-DWS,2025-05-28 00:01,2025-05-28 00:01,1,
1715,EI-IKN,2025-05-27 23:59,2025-05-27 23:59,1,
1714,D-AIUA,2025-05-27 23:15,2025-05-27 23:15,1,
1710,9H-QAJ,2025-05-27 23:05,2025-05-27 23:05,1,
1713,A6-EFT,2025-05-27 22:54,2025-05-27 22:54,1,
1712,F-GUGM,2025-05-27 22:50,2025-05-27 22:50,1,
1711,D-AIUB,2025-05-27 22:04,2025-05-27 22:04,1,
1709,9H-QEW,2025-05-27 21:30,2025-05-27 21:30,1,
1705,EI-GSI,2025-05-27 20:54,2025-05-27 20:54,1,
1708,G-EUUG,2025-05-27 20:46,2025-05-27 20:46,1,
1707,9H-QER,2025-05-27 20:45,2025-05-27 20:45,1,
1704,G-EUUG,2025-05-27 19:40,2025-05-27 19:40,1,
1702,EI-HGL,2025-05-27 19:39,2025-05-27 19:39,1,
1700,LX-LBR,2025-05-27 19:34,2025-05-27 19:34,1,
1703,D-AIWI,2025-05-27 19:33,2025-05-27 19:33,1,
1701,F-HPNR,2025-05-27 19:22,2025-05-27 19:22,1,
1706,CS-TPY,2025-05-27 19:22,2025-05-27 19:22,1,
1699,9H-WND,2025-05-27 19:18,2025-05-27 19:18,1,
1698,9H-WAJ,2025-05-27 19:04,2025-05-27 19:04,1,
1697,G-EZTJ,2025-05-27 19:00,2025-05-27 19:00,1,
1694,HB-JCP,2025-05-27 18:25,2025-05-27 18:25,1,
1693,EI-EFK,2025-05-27 18:23,2025-05-27 18:23,1,
1696,HA-LTA,2025-05-27 18:02,2025-05-27 18:02,1,
1692,G-EZTJ,2025-05-27 17:55,2025-05-27 17:55,1,
1695,EI-HXC,2025-05-27 17:05,2025-05-27 17:05,1,
1689,PH-BXT,2025-05-27 16:39,2025-05-27 16:39,1,
1690,OO-SBD,2025-05-27 16:32,2025-05-27 16:32,1,
1691,F-HEPH,2025-05-27 16:28,2025-05-27 16:28,1,
1687,9H-WAS,2025-05-27 16:05,2025-05-27 16:05,1,
1688,D-AIWK,2025-05-27 16:02,2025-05-27 16:02,1,
1685,TC-RDV,2025-05-27 16:00,2025-05-27 16:00,1,
1686,EI-EMN,2025-05-27 15:35,2025-05-27 15:35,1,
1681,A7-BFR,2025-05-27 14:47,2025-05-27 14:47,1,
1679,EI-DHF,2025-05-27 14:00,2025-05-27 14:00,1,
1680,A7-BAV,2025-05-27 14:00,2025-05-27 14:00,1,
1678,D-AINK,2025-05-27 13:54,2025-05-27 13:54,1,
1676,CC-BGX,2025-05-27 13:34,2025-05-27 13:34,1,
1683,N4064J,2025-05-27 13:30,2025-05-27 13:30,1,
1677,TC-RDH,2025-05-27 13:27,2025-05-27 13:27,1,
1675,HZ-AR13,2025-05-27 13:14,2025-05-27 13:14,1,
1682,EI-SIS,2025-05-27 13:05,2025-05-27 13:05,1,
1684,EI-SIS,2025-05-27 13:04,2025-05-27 13:04,1,
1674,9H-LMT,2025-05-27 10:50,2025-05-27 10:50,1,
1672,EI-DEH,2025-05-27 10:45,2025-05-27 10:45,1,
1673,EI-IHR,2025-05-27 10:35,2025-05-27 10:35,1,
1670,4X-EKH,2025-05-27 09:27,2025-05-27 09:27,1,
1669,F-HZUR,2025-05-27 09:12,2025-05-27 09:12,1,
1668,HB-AZJ,2025-05-27 09:02,2025-05-27 09:02,1,
1666,G-EZBI,2025-05-27 09:01,2025-05-27 09:01,1,
1664,ET-AOS,2025-05-27 08:55,2025-05-27 08:55,1,
1665,N805NW,2025-05-27 08:55,2025-05-27 08:55,1,
1662,B-LQE,2025-05-27 08:35,2025-05-27 08:35,1,
1663,B-1345,2025-05-27 08:23,2025-05-27 08:23,1,
1661,9H-WNG,2025-05-27 08:06,2025-05-27 08:06,1,
1667,N724AN,2025-05-27 07:48,2025-05-27 07:48,1,
1671,9H-QBW,2025-05-27 07:30,2025-05-27 07:30,1,
1659,N822NW,2025-05-27 07:10,2025-05-27 07:10,1,
1660,EC-MEC,2025-05-27 05:47,2025-05-27 05:47,1,
1658,SX-NEU,2025-05-27 00:20,2025-05-27 00:20,1,
1657,CS-TVE,2025-05-27 00:18,2025-05-27 00:18,1,
1656,EI-HXG,2025-05-26 23:59,2025-05-26 23:59,1,
1655,OE-ISB,2025-05-26 23:11,2025-05-26 23:11,1,
1654,N472MC,2025-05-26 23:10,2025-05-26 23:10,1,
1653,TC-LYE,2025-05-26 22:02,2025-05-26 22:02,1,
1650,9H-QCU,2025-05-26 21:46,2025-05-26 21:46,1,
1652,OE-ISB,2025-05-26 21:45,2025-05-26 21:45,1,
1651,9H-QAR,2025-05-26 21:26,2025-05-26 21:26,1,
1647,G-EZPV,2025-05-26 21:04,2025-05-26 21:04,1,
1648,A7-BHK,2025-05-26 21:01,2025-05-26 21:01,1,
1649,9H-QFJ,2025-05-26 20:51,2025-05-26 20:51,1,
1643,EC-NON,2025-05-26 20:10,2025-05-26 20:10,1,
1646,9H-NEO,2025-05-26 20:10,2025-05-26 20:10,1,
1645,A6-EPK,2025-05-26 19:54,2025-05-26 19:54,1,
1644,G-EZAN,2025-05-26 19:49,2025-05-26 19:49,1,
1640,CN-ROA,2025-05-26 19:45,2025-05-26 19:45,1,
1641,9H-WNX,2025-05-26 19:45,2025-05-26 19:45,1,
1639,A6-BLI,2025-05-26 19:35,2025-05-26 19:35,1,
1638,PH-AXA,2025-05-26 19:25,2025-05-26 19:25,1,
1642,D-AIRO,2025-05-26 19:24,2025-05-26 19:24,1,
1636,9H-WZW,2025-05-26 19:21,2025-05-26 19:21,1,
1637,HA-LGS,2025-05-26 19:20,2025-05-26 19:20,1,
1635,G-UZLV,2025-05-26 18:55,2025-05-26 18:55,1,
1631,LN-NHA,2025-05-26 18:51,2025-05-26 18:51,1,
1630,HB-IOH,2025-05-26 18:38,2025-05-26 18:38,1,
1634,9H-NFR,2025-05-26 18:25,2025-05-26 18:25,1,
1628,9H-AEG,2025-05-26 18:20,2025-05-26 18:20,1,
1633,9H-WNJ,2025-05-26 18:20,2025-05-26 18:20,1,
1629,TC-SPI,2025-05-26 18:15,2025-05-26 18:15,1,
1632,9H-WNP,2025-05-26 17:58,2025-05-26 17:58,1,
1625,D-AINL,2025-05-26 17:57,2025-05-26 17:57,1,
1627,G-UZLV,2025-05-26 17:37,2025-05-26 17:37,1,
1626,A7-BAO,2025-05-26 17:35,2025-05-26 17:35,1,
1624,UK32103,2025-05-26 17:15,2025-05-26 17:15,1,
1623,HB-JXN,2025-05-26 17:07,2025-05-26 17:07,1,
1621,OE-ICN,2025-05-26 16:57,2025-05-26 16:57,1,
1620,UK-32103,2025-05-26 16:49,2025-05-26 16:49,1,
1622,HB-AYE,2025-05-26 16:45,2025-05-26 16:45,1,
1616,F-HZUX,2025-05-26 16:42,2025-05-26 16:42,1,
1619,OO-SNN,2025-05-26 16:39,2025-05-26 16:39,1,
1617,9H-QAZ,2025-05-26 16:35,2025-05-26 16:35,1,
1614,LV-KHU,2025-05-26 16:34,2025-05-26 16:34,1,
1615,G-EUUU,2025-05-26 16:24,2025-05-26 16:24,1,
1618,TC-LOF,2025-05-26 16:15,2025-05-26 16:15,1,
1613,HB-JXN,2025-05-26 16:02,2025-05-26 16:02,1,
1609,9H-WMA,2025-05-26 15:35,2025-05-26 15:35,1,
1612,EI-EBP,2025-05-26 15:33,2025-05-26 15:33,1,
1610,F-GRHT,2025-05-26 15:28,2025-05-26 15:28,1,
1611,HB-AYE,2025-05-26 15:21,2025-05-26 15:21,1,
1605,JY-AZC,2025-05-26 15:00,2025-05-26 15:00,1,
1604,N807AA,2025-05-26 14:45,2025-05-26 14:45,1,
1608,OE-IJH,2025-05-26 14:25,2025-05-26 14:25,1,
1602,TC-RBD,2025-05-26 14:23,2025-05-26 14:23,1,
1603,SU-GFS,2025-05-26 14:13,2025-05-26 14:13,1,
1607,EC-MSB,2025-05-26 14:10,2025-05-26 14:10,1,
1600,N772AN,2025-05-26 13:45,2025-05-26 13:45,1,
1606,ZS-GAC,2025-05-26 13:42,2025-05-26 13:42,1,
1601,OE-IJH,2025-05-26 13:20,2025-05-26 13:20,1,
1597,9A-KOR,2025-05-26 13:00,2025-05-26 13:00,1,
1598,T7-ME9,2025-05-26 12:57,2025-05-26 12:57,1,
1596,SU-GCM,2025-05-26 12:45,2025-05-26 12:45,1,
1595,F-HTVL,2025-05-26 12:38,2025-05-26 12:38,1,
1591,EC-OEI,2025-05-26 12:10,2025-05-26 12:10,1,
1593,EI-EFJ,2025-05-26 12:01,2025-05-26 12:01,1,
1594,SE-ROF,2025-05-26 11:55,2025-05-26 11:55,1,
1592,D-AIEQ,2025-05-26 11:52,2025-05-26 11:52,1,
1589,PH-HSE,2025-05-26 11:51,2025-05-26 11:51,1,
1588,EC-OHV,2025-05-26 11:43,2025-05-26 11:43,1,
1590,SX-NEL,2025-05-26 11:40,2025-05-26 11:40,1,
1587,N772AN,2025-05-26 11:37,2025-05-26 11:37,1,
1586,N4077J,2025-05-26 11:21,2025-05-26 11:21,1,
1599,CS-TJH,2025-05-26 11:15,2025-05-26 11:15,1,
1585,G-EUUA,2025-05-26 10:45,2025-05-26 10:45,1,
1581,D-AIDM,2025-05-26 10:41,2025-05-26 10:41,1,
1583,9H-NCD,2025-05-26 10:30,2025-05-26 10:30,1,
1584,G-EZGE,2025-05-26 10:25,2025-05-26 10:25,1,
1580,N76062,2025-05-26 09:53,2025-05-26 09:53,1,
1579,4X-EHB,2025-05-26 09:43,2025-05-26 09:43,1,
1577,EI-GXN,2025-05-26 09:35,2025-05-26 09:35,1,
1575,G-EUUA,2025-05-26 09:24,2025-05-26 09:24,1,
1576,9H-VJE,2025-05-26 09:20,2025-05-26 09:20,1,
1582,9H-VJE,2025-05-26 09:18,2025-05-26 09:18,1,
1578,EI-EBR,2025-05-26 09:09,2025-05-26 09:09,1,
1571,N819NW,2025-05-26 08:44,2025-05-26 08:44,1,
1570,9H-WNQ,2025-05-26 08:35,2025-05-26 08:35,1,
1572,B-8982,2025-05-26 08:24,2025-05-26 08:24,1,
1569,F-HXSE,2025-05-26 08:20,2025-05-26 08:20,1,
1574,SP-RZL,2025-05-26 08:11,2025-05-26 08:11,1,
1573,9H-LOW,2025-05-26 07:44,2025-05-26 07:44,1,
1568,A6-BNA,2025-05-26 07:43,2025-05-26 07:43,1,
1565,N66051,2025-05-26 07:31,2025-05-26 07:31,1,
1567,N806NW,2025-05-26 07:26,2025-05-26 07:26,1,
1566,B-304D,2025-05-26 07:22,2025-05-26 07:22,1,
1564,N787AL,2025-05-26 05:21,2025-05-26 05:21,1,
1563,N408MC,2025-05-26 04:06,2025-05-26 04:06,1,
1562,SX-NEI,2025-05-26 00:10,2025-05-26 00:10,1,
1561,D-AINX,2025-05-25 23:56,2025-05-25 23:56,1,
1560,OO-SSY,2025-05-25 23:19,2025-05-25 23:19,1,
1559,EI-EPB,2025-05-25 23:15,2025-05-25 23:15,1,
1558,F-HEPJ,2025-05-25 23:00,2025-05-25 23:00,1,
1556,OE-IUA,2025-05-25 22:46,2025-05-25 22:46,1,
1554,N419MC,2025-05-25 22:39,2025-05-25 22:39,1,
1557,G-UZHD,2025-05-25 22:20,2025-05-25 22:20,1,
1550,EC-OJL,2025-05-25 22:01,2025-05-25 22:01,1,
1553,D-AIEL,2025-05-25 21:59,2025-05-25 21:59,1,
1552,TF-PPA,2025-05-25 21:45,2025-05-25 21:45,1,
1555,EC-OJL,2025-05-25 21:35,2025-05-25 21:35,1,
1551,G-UZHD,2025-05-25 21:04,2025-05-25 21:04,1,
1549,OE-IUA,2025-05-25 20:51,2025-05-25 20:51,1,
1548,HB-JXA,2025-05-25 20:40,2025-05-25 20:40,1,
1546,9H-WZQ,2025-05-25 20:24,2025-05-25 20:24,1,
1545,LX-LGS,2025-05-25 20:18,2025-05-25 20:18,1,
1543,A6-EPB,2025-05-25 20:11,2025-05-25 20:11,1,
1544,D-AIEM,2025-05-25 19:56,2025-05-25 19:56,1,
1538,LN-FGE,2025-05-25 19:50,2025-05-25 19:50,1,
1539,F-HTVN,2025-05-25 19:50,2025-05-25 19:50,1,
1542,G-EZBY,2025-05-25 19:45,2025-05-25 19:45,1,
1541,HB-JXA,2025-05-25 19:31,2025-05-25 19:31,1,
1540,9H-WMC,2025-05-25 19:28,2025-05-25 19:28,1,
1537,EI-DLW,2025-05-25 19:22,2025-05-25 19:22,1,
1547,9H-WDT,2025-05-25 19:09,2025-05-25 19:09,1,
1536,9H-QCQ,2025-05-25 19:08,2025-05-25 19:08,1,
1535,CN-MAY,2025-05-25 19:00,2025-05-25 19:00,1,
1534,HB-JPE,2025-05-25 18:35,2025-05-25 18:35,1,
1531,TS-ITC,2025-05-25 18:10,2025-05-25 18:10,1,
1533,9H-WDY,2025-05-25 18:06,2025-05-25 18:06,1,
1529,G-EUUZ,2025-05-25 17:59,2025-05-25 17:59,1,
1532,A6-EFL,2025-05-25 17:36,2025-05-25 17:36,1,
1528,HL8085,2025-05-25 17:32,2025-05-25 17:32,1,
1530,SE-RON,2025-05-25 17:32,2025-05-25 17:32,1,
1527,LV-KAN,2025-05-25 16:40,2025-05-25 16:40,1,
1526,OO-TCH,2025-05-25 16:35,2025-05-25 16:35,1,
1522,G-TTSD,2025-05-25 16:19,2025-05-25 16:19,1,
1525,PH-BXH,2025-05-25 16:17,2025-05-25 16:17,1,
1523,EI-EVE,2025-05-25 16:06,2025-05-25 16:06,1,
1524,OE-LKY,2025-05-25 16:03,2025-05-25 16:03,1,
1521,9H-QBR,2025-05-25 15:30,2025-05-25 15:30,1,
1520,F-HEPF,2025-05-25 15:25,2025-05-25 15:25,1,
1519,7T-VKC,2025-05-25 14:43,2025-05-25 14:43,1,
1517,SP-LVF,2025-05-25 14:30,2025-05-25 14:30,1,
1518,A7-BFQ,2025-05-25 14:24,2025-05-25 14:24,1,
1516,A6-EEZ,2025-05-25 13:31,2025-05-25 13:31,1,
1515,TC-CRG,2025-05-25 13:17,2025-05-25 13:17,1,
1514,HZ-AR22,2025-05-25 13:14,2025-05-25 13:14,1,
1513,TC-LPK,2025-05-25 12:57,2025-05-25 12:57,1,
1512,OK-HEU,2025-05-25 12:55,2025-05-25 12:55,1,
1510,G-EZPB,2025-05-25 12:20,2025-05-25 12:20,1,
1511,EC-OEC,2025-05-25 12:20,2025-05-25 12:20,1,
1507,EC-MTD,2025-05-25 12:10,2025-05-25 12:10,1,
1506,OO-SSL,2025-05-25 12:02,2025-05-25 12:02,1,
1508,D-AIDJ,2025-05-25 12:01,2025-05-25 12:01,1,
1504,SE-RYC,2025-05-25 11:30,2025-05-25 11:30,1,
1505,EI-EVV,2025-05-25 11:30,2025-05-25 11:30,1,
1503,G-EZPB,2025-05-25 11:10,2025-05-25 11:10,1,
1509,SE-RYC,2025-05-25 11:05,2025-05-25 11:05,1,
1502,EC-OEC,2025-05-25 11:00,2025-05-25 11:00,1,
1501,CC-BBB,2025-05-25 10:58,2025-05-25 10:58,1,
1499,CS-TNM,2025-05-25 10:43,2025-05-25 10:43,1,
1500,D-AIZO,2025-05-25 10:43,2025-05-25 10:43,1,
1496,EI-IGW,2025-05-25 10:30,2025-05-25 10:30,1,
1498,G-EZDV,2025-05-25 10:25,2025-05-25 10:25,1,
1497,A7-BFY,2025-05-25 10:20,2025-05-25 10:20,1,
1494,TC-JOL,2025-05-25 10:07,2025-05-25 10:07,1,
1495,9H-QDD,2025-05-25 09:30,2025-05-25 09:30,1,
1493,G-EZDV,2025-05-25 09:15,2025-05-25 09:15,1,
1492,EI-HMW,2025-05-25 09:14,2025-05-25 09:14,1,
1490,F-HZUE,2025-05-25 08:50,2025-05-25 08:50,1,
1489,N798AN,2025-05-25 08:49,2025-05-25 08:49,1,
1491,N809NW,2025-05-25 08:46,2025-05-25 08:46,1,
1488,B-LRM,2025-05-25 08:28,2025-05-25 08:28,1,
1487,OE-IUB,2025-05-25 08:24,2025-05-25 08:24,1,
1486,9H-WDF,2025-05-25 08:20,2025-05-25 08:20,1,
1485,A6-BNC,2025-05-25 07:50,2025-05-25 07:50,1,
1483,N66057,2025-05-25 07:36,2025-05-25 07:36,1,
1482,B-30FM,2025-05-25 07:15,2025-05-25 07:15,1,
1484,B-304U,2025-05-25 07:11,2025-05-25 07:11,1,
1480,C-GHPU,2025-05-25 06:22,2025-05-25 06:22,1,
1479,N781AN,2025-05-25 04:50,2025-05-25 04:50,1,
1481,N476MC,2025-05-25 04:34,2025-05-25 04:34,1,
1478,EI-EMD,2025-05-25 01:40,2025-05-25 01:40,1,
1476,G-DBCC,2025-05-24 23:45,2025-05-24 23:45,1,
1477,EI-GXJ,2025-05-24 23:31,2025-05-24 23:31,1,
1474,F-GZHP,2025-05-24 22:52,2025-05-24 22:52,1,
1475,D-AIEA,2025-05-24 22:49,2025-05-24 22:49,1,
1471,9H-VVD,2025-05-24 21:20,2025-05-24 21:20,1,
1473,CS-TPZ,2025-05-24 21:15,2025-05-24 21:15,1,
1472,9H-QCT,2025-05-24 20:57,2025-05-24 20:57,1,
1470,A7-BHR,2025-05-24 20:53,2025-05-24 20:53,1,
1464,9H-WDR,2025-05-24 20:17,2025-05-24 20:17,1,
1468,A6-EGW,2025-05-24 20:07,2025-05-24 20:07,1,
1467,EI-IGI,2025-05-24 20:05,2025-05-24 20:05,1,
1466,A6-BLY,2025-05-24 19:54,2025-05-24 19:54,1,
1465,G-EUPK,2025-05-24 19:53,2025-05-24 19:53,1,
1469,HB-IOD,2025-05-24 19:45,2025-05-24 19:45,1,
1463,D-AISV,2025-05-24 19:17,2025-05-24 19:17,1,
1460,CS-TPX,2025-05-24 19:16,2025-05-24 19:16,1,
1461,F-GTAP,2025-05-24 19:13,2025-05-24 19:13,1,
1462,9H-QAE,2025-05-24 19:10,2025-05-24 19:10,1,
1459,CN-ROR,2025-05-24 19:00,2025-05-24 19:00,1,
1458,9H-WAG,2025-05-24 18:41,2025-05-24 18:41,1,
1457,9H-WZR,2025-05-24 18:35,2025-05-24 18:35,1,
1456,HB-IOD,2025-05-24 18:26,2025-05-24 18:26,1,
1449,G-TNEG,2025-05-24 18:10,2025-05-24 18:10,1,
1454,HA-LXF,2025-05-24 18:05,2025-05-24 18:05,1,
1455,G-EUPD,2025-05-24 17:48,2025-05-24 17:48,1,
1447,9H-QCE,2025-05-24 17:36,2025-05-24 17:36,1,
1453,SP-RSQ,2025-05-24 17:27,2025-05-24 17:27,1,
1448,D-AINZ,2025-05-24 17:21,2025-05-24 17:21,1,
1446,CC-BGF,2025-05-24 17:12,2025-05-24 17:12,1,
1444,CS-TNQ,2025-05-24 17:01,2025-05-24 17:01,1,
1452,TC-LOB,2025-05-24 16:40,2025-05-24 16:40,1,
1445,EI-ENM,2025-05-24 16:39,2025-05-24 16:39,1,
1451,A7-BTA,2025-05-24 16:30,2025-05-24 16:30,1,
1443,XU-726,2025-05-24 16:23,2025-05-24 16:23,1,
1450,G-EUPD,2025-05-24 16:22,2025-05-24 16:22,1,
1438,HA-LGN,2025-05-24 16:05,2025-05-24 16:05,1,
1440,A7-CGU,2025-05-24 16:00,2025-05-24 16:00,1,
1439,D-AIWA,2025-05-24 15:47,2025-05-24 15:47,1,
1437,F-HXSC,2025-05-24 15:45,2025-05-24 15:45,1,
1442,EC-NBG,2025-05-24 15:45,2025-05-24 15:45,1,
1441,A7-BFP,2025-05-24 15:02,2025-05-24 15:02,1,
1436,G-TTNS,2025-05-24 14:50,2025-05-24 14:50,1,
1435,SP-LVI,2025-05-24 14:15,2025-05-24 14:15,1,
1434,A7-BEA,2025-05-24 14:06,2025-05-24 14:06,1,
1433,D-AIUM,2025-05-24 13:43,2025-05-24 13:43,1,
1432,F-HUYV,2025-05-24 13:36,2025-05-24 13:36,1,
1428,A6-EOO,2025-05-24 13:23,2025-05-24 13:23,1,
1430,HZ-ARE,2025-05-24 13:10,2025-05-24 13:10,1,
1429,TC-LPE,2025-05-24 12:58,2025-05-24 12:58,1,
1427,TC-RDG,2025-05-24 12:56,2025-05-24 12:56,1,
1425,B-1135,2025-05-24 12:55,2025-05-24 12:55,1,
1431,YL-LDE,2025-05-24 12:55,2025-05-24 12:55,1,
1426,9H-QBA,2025-05-24 12:47,2025-05-24 12:47,1,
1422,CS-TVC,2025-05-24 12:41,2025-05-24 12:41,1,
1423,SU-BUQ,2025-05-24 12:35,2025-05-24 12:35,1,
1421,SU-BUP,2025-05-24 12:30,2025-05-24 12:30,1,
1424,SU-GCO,2025-05-24 12:30,2025-05-24 12:30,1,
1420,C-GOKH,2025-05-24 12:25,2025-05-24 12:25,1,
1419,EI-FAT,2025-05-24 12:20,2025-05-24 12:20,1,
1417,EI-GXG,2025-05-24 12:15,2025-05-24 12:15,1,
1418,B-7879,2025-05-24 12:15,2025-05-24 12:15,1,
1416,CS-TKH,2025-05-24 11:59,2025-05-24 11:59,1,
1415,D-AIZE,2025-05-24 11:53,2025-05-24 11:53,1,
1413,EI-DHC,2025-05-24 11:50,2025-05-24 11:50,1,
1412,F-GTAJ,2025-05-24 11:15,2025-05-24 11:15,1,
1414,EI-IKO,2025-05-24 11:12,2025-05-24 11:12,1,
1411,CC-BGA,2025-05-24 11:01,2025-05-24 11:01,1,
1410,G-EUPR,2025-05-24 10:41,2025-05-24 10:41,1,
1409,CS-TNK,2025-05-24 10:20,2025-05-24 10:20,1,
1405,C-FGDT,2025-05-24 09:50,2025-05-24 09:50,1,
1402,TC-JIS,2025-05-24 09:44,2025-05-24 09:44,1,
1406,N831NW,2025-05-24 09:43,2025-05-24 09:43,1,
1404,G-EZTT,2025-05-24 09:41,2025-05-24 09:41,1,
1403,YU-APS,2025-05-24 09:34,2025-05-24 09:34,1,
1401,EI-DEM,2025-05-24 09:27,2025-05-24 09:27,1,
1400,G-TTNF,2025-05-24 09:23,2025-05-24 09:23,1,
1396,N806AA,2025-05-24 09:03,2025-05-24 09:03,1,
1399,G-EZFU,2025-05-24 09:03,2025-05-24 09:03,1,
1408,HB-JVW,2025-05-24 08:59,2025-05-24 08:59,1,
1394,ET-ARE,2025-05-24 08:55,2025-05-24 08:55,1,
1397,9H-QEO,2025-05-24 08:53,2025-05-24 08:53,1,
1395,XA-ADD,2025-05-24 08:39,2025-05-24 08:39,1,
1393,9H-NEF,2025-05-24 08:31,2025-05-24 08:31,1,
1392,CN-NMH,2025-05-24 08:30,2025-05-24 08:30,1,
1391,9H-WNU,2025-05-24 08:14,2025-05-24 08:14,1,
1407,9H-LOS,2025-05-24 08:08,2025-05-24 08:08,1,
1389,F-HXSO,2025-05-24 08:00,2025-05-24 08:00,1,
1390,A6-BMJ,2025-05-24 07:47,2025-05-24 07:47,1,
1388,N789AN,2025-05-24 04:48,2025-05-24 04:48,1,
1387,CS-TNS,2025-05-24 00:41,2025-05-24 00:41,1,
1386,SX-NER,2025-05-24 00:13,2025-05-24 00:13,1,
1385,EI-HOB,2025-05-24 00:04,2025-05-24 00:04,1,
1383,N784AV,2025-05-23 23:46,2025-05-23 23:46,1,
1381,F-HUYZ,2025-05-23 23:20,2025-05-23 23:20,1,
1376,OE-IVC,2025-05-23 23:17,2025-05-23 23:17,1,
1382,OO-SNM,2025-05-23 23:00,2025-05-23 23:00,1,
1380,F-HEPA,2025-05-23 22:44,2025-05-23 22:44,1,
1379,TC-JSR,2025-05-23 22:42,2025-05-23 22:42,1,
1384,EI-EBZ,2025-05-23 22:29,2025-05-23 22:29,1,
1377,EI-GJS,2025-05-23 22:15,2025-05-23 22:15,1,
1378,EI-DHR,2025-05-23 21:59,2025-05-23 21:59,1,
1375,G-EJCJ,2025-05-23 21:50,2025-05-23 21:50,1,
1372,A7-BFG,2025-05-23 21:05,2025-05-23 21:05,1,
1373,EI-EBG,2025-05-23 20:51,2025-05-23 20:51,1,
1371,A7-BHP,2025-05-23 20:46,2025-05-23 20:46,1,
1370,G-EJCJ,2025-05-23 20:40,2025-05-23 20:40,1,
1374,EC-NHU,2025-05-23 20:20,2025-05-23 20:20,1,
1368,EI-IFS,2025-05-23 19:56,2025-05-23 19:56,1,
1365,HB-JBF,2025-05-23 19:55,2025-05-23 19:55,1,
1367,OO-SBA,2025-05-23 19:55,2025-05-23 19:55,1,
1362,A6-EBM,2025-05-23 19:46,2025-05-23 19:46,1,
1369,TC-SPM,2025-05-23 19:45,2025-05-23 19:45,1,
1358,D-AIDA,2025-05-23 19:36,2025-05-23 19:36,1,
1355,LX-LGQ,2025-05-23 19:27,2025-05-23 19:27,1,
1356,HB-JXJ,2025-05-23 19:26,2025-05-23 19:26,1,
1359,9H-WAV,2025-05-23 19:25,2025-05-23 19:25,1,
1361,SP-RZA,2025-05-23 19:15,2025-05-23 19:15,1,
1354,9H-WDP,2025-05-23 19:02,2025-05-23 19:02,1,
1352,PH-BXS,2025-05-23 19:00,2025-05-23 19:00,1,
1353,9H-WNB,2025-05-23 19:00,2025-05-23 19:00,1,
1357,EC-OKB,2025-05-23 19:00,2025-05-23 19:00,1,
1360,CN-MAX,2025-05-23 19:00,2025-05-23 19:00,1,
1351,HB-JBF,2025-05-23 18:56,2025-05-23 18:56,1,
1349,SP-RZA,2025-05-23 18:45,2025-05-23 18:45,1,
1350,TC-JIP,2025-05-23 18:34,2025-05-23 18:34,1,
1348,EI-IKD,2025-05-23 18:20,2025-05-23 18:20,1,
1366,TC-SPM,2025-05-23 18:16,2025-05-23 18:16,1,
1346,9H-VUS,2025-05-23 18:08,2025-05-23 18:08,1,
1363,9H-VVQ,2025-05-23 18:00,2025-05-23 18:00,1,
1345,HL7209,2025-05-23 17:34,2025-05-23 17:34,1,
1344,G-TNEC,2025-05-23 17:26,2025-05-23 17:26,1,
1339,EI-EBN,2025-05-23 17:10,2025-05-23 17:10,1,
1341,D-AIUO,2025-05-23 17:09,2025-05-23 17:09,1,
1343,D-AIDG,2025-05-23 17:05,2025-05-23 17:05,1,
1342,N803AL,2025-05-23 17:03,2025-05-23 17:03,1,
1336,F-GZHL,2025-05-23 16:55,2025-05-23 16:55,1,
1340,TC-JNN,2025-05-23 16:51,2025-05-23 16:51,1,
1337,EI-ENR,2025-05-23 16:34,2025-05-23 16:34,1,
1338,9H-VVH,2025-05-23 16:27,2025-05-23 16:27,1,
1335,EI-EFD,2025-05-23 16:23,2025-05-23 16:23,1,
1328,D-AIDF,2025-05-23 16:08,2025-05-23 16:08,1,
1326,G-TTNP,2025-05-23 15:56,2025-05-23 15:56,1,
1329,F-HEPD,2025-05-23 15:52,2025-05-23 15:52,1,
1327,9H-QDW,2025-05-23 15:50,2025-05-23 15:50,1,
1334,EC-OMC,2025-05-23 15:45,2025-05-23 15:45,1,
1324,G-UJEA,2025-05-23 15:41,2025-05-23 15:41,1,
1323,9H-WBI,2025-05-23 15:35,2025-05-23 15:35,1,
1333,A6-EDV,2025-05-23 15:35,2025-05-23 15:35,1,
1325,TC-RDP,2025-05-23 15:28,2025-05-23 15:28,1,
1332,N783AM,2025-05-23 14:45,2025-05-23 14:45,1,
1330,HB-AYN,2025-05-23 14:43,2025-05-23 14:43,1,
1322,A7-BEQ,2025-05-23 14:26,2025-05-23 14:26,1,
1321,PH-BCE,2025-05-23 14:25,2025-05-23 14:25,1,
1331,N4083J,2025-05-23 14:25,2025-05-23 14:25,1,
1296,A6-DDB,2025-05-22 03:04,2025-05-22 03:04,1,
1295,CS-TTR,2025-05-22 00:10,2025-05-22 00:10,1,
1293,F-HTVG,2025-05-22 00:01,2025-05-22 00:01,1,
1294,SE-RLJ,2025-05-21 23:25,2025-05-21 23:25,1,
1292,D-AIRW,2025-05-21 23:19,2025-05-21 23:19,1,
1290,F-GUGR,2025-05-21 22:48,2025-05-21 22:48,1,
1288,TC-JSP,2025-05-21 22:28,2025-05-21 22:28,1,
1291,B-32FP,2025-05-21 22:25,2025-05-21 22:25,1,
1289,9H-QFE,2025-05-21 22:23,2025-05-21 22:23,1,
1287,D-AIRX,2025-05-21 22:14,2025-05-21 22:14,1,
1285,EI-DCN,2025-05-21 22:00,2025-05-21 22:00,1,
1284,OE-IJD,2025-05-21 21:16,2025-05-21 21:16,1,
1280,A7-BHH,2025-05-21 20:46,2025-05-21 20:46,1,
1286,EC-LRH,2025-05-21 20:45,2025-05-21 20:45,1,
1278,SP-RSR,2025-05-21 20:40,2025-05-21 20:40,1,
1283,SP-RSR,2025-05-21 20:34,2025-05-21 20:34,1,
1282,EC-HEK,2025-05-21 20:19,2025-05-21 20:19,1,
1279,G-UZHB,2025-05-21 20:18,2025-05-21 20:18,1,
1275,A6-EPL,2025-05-21 19:55,2025-05-21 19:55,1,
1273,HB-JXU,2025-05-21 19:43,2025-05-21 19:43,1,
1277,9H-WAQ,2025-05-21 19:43,2025-05-21 19:43,1,
1281,CS-TTX,2025-05-21 19:43,2025-05-21 19:43,1,
1276,EC-MKX,2025-05-21 19:41,2025-05-21 19:41,1,
1269,9H-WNF,2025-05-21 19:37,2025-05-21 19:37,1,
1272,9H-WAW,2025-05-21 19:35,2025-05-21 19:35,1,
1271,9H-WZS,2025-05-21 19:23,2025-05-21 19:23,1,
1270,TS-ITD,2025-05-21 19:18,2025-05-21 19:18,1,
1274,9H-WAW,2025-05-21 19:04,2025-05-21 19:04,1,
1267,CN-RGI,2025-05-21 19:00,2025-05-21 19:00,1,
1268,EC-OEB,2025-05-21 19:00,2025-05-21 19:00,1,
1264,HB-JCF,2025-05-21 18:45,2025-05-21 18:45,1,
1266,EI-GSG,2025-05-21 18:08,2025-05-21 18:08,1,
1265,HA-LXD,2025-05-21 17:57,2025-05-21 17:57,1,
1261,4X-EKI,2025-05-21 17:42,2025-05-21 17:42,1,
1262,CS-TTY,2025-05-21 17:41,2025-05-21 17:41,1,
1263,CN-NMO,2025-05-21 17:35,2025-05-21 17:35,1,
1256,EI-HON,2025-05-21 17:25,2025-05-21 17:25,1,
1260,D-AIBM,2025-05-21 17:16,2025-05-21 17:16,1,
1257,EI-DYV,2025-05-21 17:10,2025-05-21 17:10,1,
1253,F-GKXP,2025-05-21 17:08,2025-05-21 17:08,1,
1252,HA-LGR,2025-05-21 16:46,2025-05-21 16:46,1,
1254,F-HXSP,2025-05-21 16:45,2025-05-21 16:45,1,
1259,9H-NCC,2025-05-21 16:45,2025-05-21 16:45,1,
1249,LV-GKO,2025-05-21 16:38,2025-05-21 16:38,1,
1247,OO-SNF,2025-05-21 16:35,2025-05-21 16:35,1,
1255,9H-QEE,2025-05-21 16:34,2025-05-21 16:34,1,
1246,9H-QBJ,2025-05-21 16:31,2025-05-21 16:31,1,
1251,D-AEUC,2025-05-21 16:10,2025-05-21 16:10,1,
1248,TC-LNF,2025-05-21 16:09,2025-05-21 16:09,1,
1258,9H-QCW,2025-05-21 16:00,2025-05-21 16:00,1,
1240,PT-MUC,2025-05-21 15:35,2025-05-21 15:35,1,
1242,9H-QFM,2025-05-21 15:21,2025-05-21 15:21,1,
1244,TC-RBU,2025-05-21 15:19,2025-05-21 15:19,1,
1243,F-GKXQ,2025-05-21 15:18,2025-05-21 15:18,1,
1241,N817AN,2025-05-21 15:01,2025-05-21 15:01,1,
1250,EC-LOX,2025-05-21 14:51,2025-05-21 14:51,1,
1232,EI-ENC,2025-05-21 14:34,2025-05-21 14:34,1,
1230,D-AISI,2025-05-21 14:25,2025-05-21 14:25,1,
1231,XA-ADC,2025-05-21 14:24,2025-05-21 14:24,1,
1229,SU-GGD,2025-05-21 14:20,2025-05-21 14:20,1,
1234,A7-BEP,2025-05-21 14:17,2025-05-21 14:17,1,
1233,SP-LVG,2025-05-21 14:08,2025-05-21 14:08,1,
1239,N812AA,2025-05-21 14:08,2025-05-21 14:08,1,
1228,9H-VVK,2025-05-21 13:50,2025-05-21 13:50,1,
1245,9H-QDG,2025-05-21 13:50,2025-05-21 13:50,1,
1227,EC-OLZ,2025-05-21 13:33,2025-05-21 13:33,1,
1226,A6-EDS,2025-05-21 13:29,2025-05-21 13:29,1,
1238,N753AN,2025-05-21 13:22,2025-05-21 13:22,1,
1237,EI-SID,2025-05-21 13:15,2025-05-21 13:15,1,
1225,9H-QBU,2025-05-21 13:09,2025-05-21 13:09,1,
1224,TC-LTK,2025-05-21 13:06,2025-05-21 13:06,1,
1235,OE-GNL,2025-05-21 13:00,2025-05-21 13:00,1,
1222,PT-MUC,2025-05-21 12:57,2025-05-21 12:57,1,
1223,ES-SAY,2025-05-21 12:55,2025-05-21 12:55,1,
1236,N810NW,2025-05-21 12:43,2025-05-21 12:43,1,
1207,9H-QAW,2025-05-20 01:08,2025-05-20 01:08,1,
1201,9H-QEY,2025-05-20 00:45,2025-05-20 00:45,1,
1200,F-GMZD,2025-05-20 00:40,2025-05-20 00:40,1,
1206,9H-QCH,2025-05-20 00:35,2025-05-20 00:35,1,
1199,9H-VUE,2025-05-20 00:25,2025-05-20 00:25,1,
1205,CS-TNW,2025-05-20 00:17,2025-05-20 00:17,1,
1196,9H-QBZ,2025-05-20 00:00,2025-05-20 00:00,1,
1197,EI-HOL,2025-05-20 00:00,2025-05-20 00:00,1,
1198,B-7899,2025-05-20 00:00,2025-05-20 00:00,1,
1202,CS-TNW,2025-05-20 00:00,2025-05-20 00:00,1,
1204,PH-BXV,2025-05-19 23:46,2025-05-19 23:46,1,
1203,9H-QBC,2025-05-19 23:31,2025-05-19 23:31,1,
1195,EI-EXD,2025-05-19 21:55,2025-05-19 21:55,1,
1194,G-UZMC,2025-05-19 21:50,2025-05-19 21:50,1,
1193,4X-EHC,2025-05-19 21:35,2025-05-19 21:35,1,
1192,9H-QEM,2025-05-19 21:15,2025-05-19 21:15,1,
1191,EI-DPR,2025-05-19 21:10,2025-05-19 21:10,1,
1190,A7-BHD,2025-05-19 21:00,2025-05-19 21:00,1,
1189,9H-WDW,2025-05-19 20:55,2025-05-19 20:55,1,
1161,A7-BEB,2025-05-15 14:20,2025-05-15 14:20,1,
1160,D-AIRU,2025-05-15 14:00,2025-05-15 14:00,1,
1159,HZ-AR25,2025-05-15 13:30,2025-05-15 13:30,1,
1157,A6-EEJ,2025-05-15 13:20,2025-05-15 13:20,1,
1158,TC-RDA,2025-05-15 13:20,2025-05-15 13:20,1,
1156,N881BK,2025-05-15 13:10,2025-05-15 13:10,1,
1155,7T-VKS,2025-05-15 12:45,2025-05-15 12:45,1,
1154,N717AN,2025-05-15 12:25,2025-05-15 12:25,1,
1153,CN-RGP,2025-05-15 12:20,2025-05-15 12:20,1,
1152,9H-QDH,2025-05-15 12:15,2025-05-15 12:15,1,
1150,PH-BXM,2025-05-15 12:10,2025-05-15 12:10,1,
1151,9H-VVE,2025-05-15 12:10,2025-05-15 12:10,1,
1148,EC-MTM,2025-05-15 12:05,2025-05-15 12:05,1,
1147,PT-MUB,2025-05-15 12:00,2025-05-15 12:00,1,
1142,SX-NAF,2025-05-15 11:50,2025-05-15 11:50,1,
1141,YL-AAW,2025-05-15 11:45,2025-05-15 11:45,1,
1140,EC-NOI,2025-05-15 11:43,2025-05-15 11:43,1,
1139,N702ER,2025-05-15 11:30,2025-05-15 11:30,1,
1146,OE-FNP,2025-05-15 11:22,2025-05-15 11:22,1,
1138,F-GTAU,2025-05-15 11:15,2025-05-15 11:15,1,
1137,G-NEOZ,2025-05-15 11:05,2025-05-15 11:05,1,
1145,CS-TNL,2025-05-15 11:05,2025-05-15 11:05,1,
1136,CC-BBH,2025-05-15 11:00,2025-05-15 11:00,1,
1144,F-HIMC,2025-05-15 10:23,2025-05-15 10:23,1,
1143,HA-JEP,2025-05-15 10:18,2025-05-15 10:18,1,
1134,EC-OGY,2025-05-15 10:10,2025-05-15 10:10,1,
1135,CS-TNL,2025-05-15 10:05,2025-05-15 10:05,1,
1133,EI-DEN,2025-05-15 09:55,2025-05-15 09:55,1,
1131,PH-BCA,2025-05-15 09:50,2025-05-15 09:50,1,
1132,N67058,2025-05-15 09:50,2025-05-15 09:50,1,
1129,N812NW,2025-05-15 09:40,2025-05-15 09:40,1,
1128,9H-IHL,2025-05-15 09:35,2025-05-15 09:35,1,
1127,N466FX,2025-05-15 09:34,2025-05-15 09:34,1,
1124,G-EZDN,2025-05-15 09:20,2025-05-15 09:20,1,
1125,G-NEOW,2025-05-15 09:20,2025-05-15 09:20,1,
1126,EI-ENI,2025-05-15 09:20,2025-05-15 09:20,1,
1122,9H-WAZ,2025-05-15 09:05,2025-05-15 09:05,1,
1123,F-HZUA,2025-05-15 09:05,2025-05-15 09:05,1,
1120,N773AN,2025-05-15 09:00,2025-05-15 09:00,1,
1121,HB-AZC,2025-05-15 09:00,2025-05-15 09:00,1,
1119,SP-RZU,2025-05-15 08:55,2025-05-15 08:55,1,
1117,ET-AXS,2025-05-15 08:40,2025-05-15 08:40,1,
1118,EI-DYE,2025-05-15 08:40,2025-05-15 08:40,1,
1116,EI-HMY,2025-05-15 08:25,2025-05-15 08:25,1,
1114,9H-WAK,2025-05-15 08:05,2025-05-15 08:05,1,
1115,B-20AL,2025-05-15 08:05,2025-05-15 08:05,1,
1110,B-306Y,2025-05-15 08:00,2025-05-15 08:00,1,
1111,A6-BLM,2025-05-15 08:00,2025-05-15 08:00,1,
1113,F-HUYQ,2025-05-15 08:00,2025-05-15 08:00,1,
1112,9H-QDE,2025-05-15 07:55,2025-05-15 07:55,1,
1109,N766AN,2025-05-15 05:20,2025-05-15 05:20,1,
1108,EC-LYF,2025-05-15 05:15,2025-05-15 05:15,1,
1107,EC-LYJ,2025-05-15 02:22,2025-05-15 02:22,1,
1106,PH-BXY,2025-05-15 00:05,2025-05-15 00:05,1,
1105,EC-MKE,2025-05-15 00:03,2025-05-15 00:03,1,
1104,F-GUGO,2025-05-15 00:00,2025-05-15 00:00,1,
1099,N791AV,2025-05-14 23:30,2025-05-14 23:30,1,
1098,B-222S,2025-05-14 23:19,2025-05-14 23:19,1,
1097,D-IFRT,2025-05-14 23:15,2025-05-14 23:15,1,
1096,CN-NMQ,2025-05-14 23:00,2025-05-14 23:00,1,
1103,G-TTNI,2025-05-14 22:57,2025-05-14 22:57,1,
1102,OE-IVZ,2025-05-14 22:54,2025-05-14 22:54,1,
1095,EC-LXV,2025-05-14 22:45,2025-05-14 22:45,1,
1094,EI-IGJ,2025-05-14 22:25,2025-05-14 22:25,1,
1101,9H-VVO,2025-05-14 22:19,2025-05-14 22:19,1,
1093,OE-IVZ,2025-05-14 22:15,2025-05-14 22:15,1,
1092,D-AISJ,2025-05-14 22:10,2025-05-14 22:10,1,
1100,OE-IWE,2025-05-14 21:51,2025-05-14 21:51,1,
1091,4X-EHA,2025-05-14 21:50,2025-05-14 21:50,1,
1089,B-32D0,2025-05-14 21:20,2025-05-14 21:20,1,
1090,SP-RSH,2025-05-14 21:20,2025-05-14 21:20,1,
1088,A7-BHJ,2025-05-14 21:15,2025-05-14 21:15,1,
1086,G-UZHE,2025-05-14 20:40,2025-05-14 20:40,1,
1085,EI-HEY,2025-05-14 20:35,2025-05-14 20:35,1,
1080,A6-EGA,2025-05-14 20:20,2025-05-14 20:20,1,
1079,EI-GSH,2025-05-14 20:05,2025-05-14 20:05,1,
1084,EC-IXO,2025-05-14 20:01,2025-05-14 20:01,1,
1078,LX-LBA,2025-05-14 19:50,2025-05-14 19:50,1,
1077,9H-WNK,2025-05-14 19:45,2025-05-14 19:45,1,
1076,F-HZUU,2025-05-14 19:40,2025-05-14 19:40,1,
1074,9H-WBQ,2025-05-14 19:35,2025-05-14 19:35,1,
1075,9H-QBL,2025-05-14 19:35,2025-05-14 19:35,1,
1083,EC-LRR,2025-05-14 19:34,2025-05-14 19:34,1,
1082,HA-LVP,2025-05-14 19:23,2025-05-14 19:23,1,
1072,9H-WAI,2025-05-14 19:15,2025-05-14 19:15,1,
1071,PH-AXD,2025-05-14 19:10,2025-05-14 19:10,1,
1073,CN-ROE,2025-05-14 19:05,2025-05-14 19:05,1,
1070,HB-JBC,2025-05-14 18:40,2025-05-14 18:40,1,
1081,D-AIZQ,2025-05-14 18:35,2025-05-14 18:35,1,
1069,TS-IMA,2025-05-14 18:20,2025-05-14 18:20,1,
1068,9H-QAX,2025-05-14 18:15,2025-05-14 18:15,1,
1067,9H-WNR,2025-05-14 18:05,2025-05-14 18:05,1,
1063,G-TTSA,2025-05-14 17:15,2025-05-14 17:15,1,
1064,F-HXSH,2025-05-14 17:15,2025-05-14 17:15,1,
1062,CS-DXG,2025-05-14 17:02,2025-05-14 17:02,1,
1061,F-GKXO,2025-05-14 17:00,2025-05-14 17:00,1,
1060,CS-TPO,2025-05-14 16:55,2025-05-14 16:55,1,
1058,G-NEOV,2025-05-14 16:30,2025-05-14 16:30,1,
1059,OO-SNH,2025-05-14 16:30,2025-05-14 16:30,1,
1057,EC-KPB,2025-05-14 16:18,2025-05-14 16:18,1,
1066,EC-MSS,2025-05-14 16:17,2025-05-14 16:17,1,
1065,EC-NBS,2025-05-14 16:11,2025-05-14 16:11,1,
1056,D-AIJA,2025-05-14 16:05,2025-05-14 16:05,1,
1055,JY-AYW,2025-05-14 15:30,2025-05-14 15:30,1,
1053,F-GKXJ,2025-05-14 15:25,2025-05-14 15:25,1,
1054,9H-GTS,2025-05-14 15:25,2025-05-14 15:25,1,
1052,EC-NGC,2025-05-14 15:20,2025-05-14 15:20,1,
1049,T7-MAHA,2025-05-14 14:24,2025-05-14 14:24,1,
1048,D-AIUG,2025-05-14 14:15,2025-05-14 14:15,1,
1051,F-HUYD,2025-05-14 14:12,2025-05-14 14:12,1,
1045,A7-BEK,2025-05-14 14:05,2025-05-14 14:05,1,
1047,EI-IJT,2025-05-14 14:05,2025-05-14 14:05,1,
1044,T7-ME8,2025-05-14 13:55,2025-05-14 13:55,1,
1043,N794AV,2025-05-14 13:45,2025-05-14 13:45,1,
1050,CS-TPV,2025-05-14 13:30,2025-05-14 13:30,1,
1046,TC-LPG,2025-05-14 13:25,2025-05-14 13:25,1,
1042,N833AA,2025-05-14 13:15,2025-05-14 13:15,1,
1013,A6-EOU,2025-05-14 13:13,2025-05-14 13:13,1,
1040,F-GZHX,2025-05-14 13:10,2025-05-14 13:10,1,
1041,D-AIEC,2025-05-14 13:05,2025-05-14 13:05,1,
1015,N823NW,2025-05-14 12:50,2025-05-14 12:50,1,
1039,EI-DCY,2025-05-14 12:50,2025-05-14 12:50,1,
1038,EI-EPD,2025-05-14 12:45,2025-05-14 12:45,1,
1037,EC-NOQ,2025-05-14 12:40,2025-05-14 12:40,1,
1012,B-7832,2025-05-14 12:38,2025-05-14 12:38,1,
1036,PT-MUH,2025-05-14 12:25,2025-05-14 12:25,1,
1014,G-TNEA,2025-05-14 12:20,2025-05-14 12:20,1,
1035,D-AIEC,2025-05-14 12:15,2025-05-14 12:15,1,
1031,EC-NNY,2025-05-14 12:05,2025-05-14 12:05,1,
1034,EC-NNY,2025-05-14 12:05,2025-05-14 12:05,1,
1008,EI-SIM,2025-05-14 12:00,2025-05-14 12:00,1,
1033,HB-JXM,2025-05-14 12:00,2025-05-14 12:00,1,
1032,EI-SIM,2025-05-14 11:45,2025-05-14 11:45,1,
1009,HB-JXM,2025-05-14 11:39,2025-05-14 11:39,1,
1011,PT-MUH,2025-05-14 11:37,2025-05-14 11:37,1,
1010,CP-3209,2025-05-14 11:30,2025-05-14 11:30,1,
1007,G-TNEA,2025-05-14 11:12,2025-05-14 11:12,1,
1030,F-GRHF,2025-05-14 11:10,2025-05-14 11:10,1,
1024,EC-NEZ,2025-05-14 10:50,2025-05-14 10:50,1,
1023,EI-HET,2025-05-14 10:45,2025-05-14 10:45,1,
1022,EI-INC,2025-05-14 10:30,2025-05-14 10:30,1,
1006,4X-EHH,2025-05-14 10:25,2025-05-14 10:25,1,
1021,9H-VUQ,2025-05-14 10:25,2025-05-14 10:25,1,
1029,EC-MEY,2025-05-14 10:24,2025-05-14 10:24,1,
1005,N823NW,2025-05-14 10:20,2025-05-14 10:20,1,
1020,EC-LQV,2025-05-14 10:20,2025-05-14 10:20,1,
1019,CS-TVJ,2025-05-14 10:10,2025-05-14 10:10,1,
1004,LY-GYM,2025-05-14 10:00,2025-05-14 10:00,1,
1018,EI-HAX,2025-05-14 10:00,2025-05-14 10:00,1,
1027,CS-DLF,2025-05-14 10:00,2025-05-14 10:00,1,
1028,VP-BMG,2025-05-14 10:00,2025-05-14 10:00,1,
1026,G-UJEC,2025-05-14 09:55,2025-05-14 09:55,1,
1003,G-EZDJ,2025-05-14 09:40,2025-05-14 09:40,1,
1025,EC-NLK,2025-05-14 09:29,2025-05-14 09:29,1,
1001,G-EUPG,2025-05-14 09:20,2025-05-14 09:20,1,
1016,B-1043,2025-05-14 09:10,2025-05-14 09:10,1,
1017,OE-ICR,2025-05-14 09:10,2025-05-14 09:10,1,
999,N876AL,2025-05-14 09:05,2025-05-14 09:05,1,
1000,F-HPNO,2025-05-14 09:05,2025-05-14 09:05,1,
998,N775AN,2025-05-14 08:55,2025-05-14 08:55,1,
997,LZ-PAR,2025-05-14 08:45,2025-05-14 08:45,1,
996,C-GHPQ,2025-05-14 08:35,2025-05-14 08:35,1,
994,B-LRT,2025-05-14 08:25,2025-05-14 08:25,1,
993,HA-LVK,2025-05-14 08:20,2025-05-14 08:20,1,
992,B-304V,2025-05-14 07:55,2025-05-14 07:55,1,
991,N720AN,2025-05-14 07:50,2025-05-14 07:50,1,
990,B-324X,2025-05-14 07:40,2025-05-14 07:40,1,
989,N817NW,2025-05-14 07:30,2025-05-14 07:30,1,
988,F-HTVT,2025-05-14 06:15,2025-05-14 06:15,1,
987,EC-NYM,2025-05-14 05:45,2025-05-14 05:45,1,
986,N392UP,2025-05-14 05:39,2025-05-14 05:39,1,
985,N779AN,2025-05-14 05:00,2025-05-14 05:00,1,
984,N446AM,2025-05-14 04:30,2025-05-14 04:30,1,
983,CS-PHK,2025-05-14 00:49,2025-05-14 00:49,1,
982,EI-IJB,2025-05-14 00:40,2025-05-14 00:40,1,
981,N785AV,2025-05-14 00:25,2025-05-14 00:25,1,
980,CS-TNY,2025-05-14 00:20,2025-05-14 00:20,1,
975,PH-BGC,2025-05-13 23:40,2025-05-13 23:40,1,
974,G-NPTB,2025-05-13 23:34,2025-05-13 23:34,1,
973,F-HEPI,2025-05-13 23:25,2025-05-13 23:25,1,
972,D-AINI,2025-05-13 23:20,2025-05-13 23:20,1,
979,OE-INI,2025-05-13 22:59,2025-05-13 22:59,1,
971,EI-IHI,2025-05-13 22:30,2025-05-13 22:30,1,
978,EI-DCY,2025-05-13 22:26,2025-05-13 22:26,1,
970,OE-INI,2025-05-13 22:25,2025-05-13 22:25,1,
977,9H-VUW,2025-05-13 22:12,2025-05-13 22:12,1,
976,TC-SGM,2025-05-13 22:05,2025-05-13 22:05,1,
969,9H-QCP,2025-05-13 21:55,2025-05-13 21:55,1,
968,9H-QDS,2025-05-13 21:50,2025-05-13 21:50,1,
967,4X-EHF,2025-05-13 21:45,2025-05-13 21:45,1,
966,G-EZUZ,2025-05-13 21:35,2025-05-13 21:35,1,
964,A7-BHB,2025-05-13 21:05,2025-05-13 21:05,1,
965,CN-NMS,2025-05-13 21:05,2025-05-13 21:05,1,
961,A6-ENU,2025-05-13 20:25,2025-05-13 20:25,1,
963,PH-AXB,2025-05-13 20:24,2025-05-13 20:24,1,
962,D-IXON,2025-05-13 20:02,2025-05-13 20:02,1,
960,9H-QBN,2025-05-13 19:50,2025-05-13 19:50,1,
954,F-HZUQ,2025-05-13 19:45,2025-05-13 19:45,1,
955,9H-WDQ,2025-05-13 19:45,2025-05-13 19:45,1,
953,LX-LBB,2025-05-13 19:35,2025-05-13 19:35,1,
952,F-GZHO,2025-05-13 19:30,2025-05-13 19:30,1,
951,PH-AXF,2025-05-13 19:25,2025-05-13 19:25,1,
947,9H-WAO,2025-05-13 19:20,2025-05-13 19:20,1,
948,CS-TPR,2025-05-13 19:20,2025-05-13 19:20,1,
949,EI-DHD,2025-05-13 19:20,2025-05-13 19:20,1,
950,EC-NOL,2025-05-13 19:20,2025-05-13 19:20,1,
959,CS-CHG,2025-05-13 19:06,2025-05-13 19:06,1,
946,EI-DWV,2025-05-13 18:55,2025-05-13 18:55,1,
958,G-EZTN,2025-05-13 18:47,2025-05-13 18:47,1,
945,CN-ROJ,2025-05-13 18:45,2025-05-13 18:45,1,
944,EC-MRI,2025-05-13 18:40,2025-05-13 18:40,1,
943,EC-MNQ,2025-05-13 18:35,2025-05-13 18:35,1,
942,HB-JCG,2025-05-13 18:30,2025-05-13 18:30,1,
939,HA-LTK,2025-05-13 18:20,2025-05-13 18:20,1,
938,9H-GMT,2025-05-13 18:10,2025-05-13 18:10,1,
941,G-EZTN,2025-05-13 18:10,2025-05-13 18:10,1,
940,EC-GOV,2025-05-13 18:01,2025-05-13 18:01,1,
957,EI-DCK,2025-05-13 17:53,2025-05-13 17:53,1,
956,F-GKXT,2025-05-13 17:49,2025-05-13 17:49,1,
937,F-GZHI,2025-05-13 17:35,2025-05-13 17:35,1,
934,HL8345,2025-05-13 17:25,2025-05-13 17:25,1,
935,CS-TPT,2025-05-13 17:25,2025-05-13 17:25,1,
936,SP-RZC,2025-05-13 17:25,2025-05-13 17:25,1,
933,CC-BGL,2025-05-13 17:20,2025-05-13 17:20,1,
931,G-TTNJ,2025-05-13 17:10,2025-05-13 17:10,1,
932,EI-HOD,2025-05-13 17:10,2025-05-13 17:10,1,
930,EI-EBW,2025-05-13 16:55,2025-05-13 16:55,1,
929,LV-GHQ,2025-05-13 16:25,2025-05-13 16:25,1,
928,TC-RDJ,2025-05-13 16:20,2025-05-13 16:20,1,
927,PH-BCG,2025-05-13 16:15,2025-05-13 16:15,1,
926,YR-ABB,2025-05-13 16:05,2025-05-13 16:05,1,
925,CS-PHC,2025-05-13 16:04,2025-05-13 16:04,1,
924,9H-AIR,2025-05-13 15:50,2025-05-13 15:50,1,
923,EC-LZD,2025-05-13 15:15,2025-05-13 15:15,1,
922,G-EUYG,2025-05-13 15:00,2025-05-13 15:00,1,
920,EC-NGB,2025-05-13 14:55,2025-05-13 14:55,1,
921,SU-GFV,2025-05-13 14:55,2025-05-13 14:55,1,
919,EC-MSL,2025-05-13 14:45,2025-05-13 14:45,1,
918,EI-EVJ,2025-05-13 14:40,2025-05-13 14:40,1,
916,A7-BEL,2025-05-13 14:30,2025-05-13 14:30,1,
914,D-AINT,2025-05-13 14:15,2025-05-13 14:15,1,
913,SP-LVM,2025-05-13 14:10,2025-05-13 14:10,1,
912,N409DX,2025-05-13 14:05,2025-05-13 14:05,1,
911,EI-DLC,2025-05-13 14:00,2025-05-13 14:00,1,
910,F-HTVE,2025-05-13 13:55,2025-05-13 13:55,1,
917,CS-TTZ,2025-05-13 13:47,2025-05-13 13:47,1,
909,TC-RDT,2025-05-13 13:40,2025-05-13 13:40,1,
907,HZ-AR26,2025-05-13 13:30,2025-05-13 13:30,1,
906,EC-OFO,2025-05-13 13:20,2025-05-13 13:20,1,
904,N814AA,2025-05-13 13:15,2025-05-13 13:15,1,
905,EC-MUB,2025-05-13 13:15,2025-05-13 13:15,1,
908,EI-DYD,2025-05-13 13:05,2025-05-13 13:05,1,
903,OK-SWB,2025-05-13 12:50,2025-05-13 12:50,1,
901,7T-VJQ,2025-05-13 12:05,2025-05-13 12:05,1,
902,SX-NAL,2025-05-13 12:05,2025-05-13 12:05,1,
899,D-AINN,2025-05-13 12:00,2025-05-13 12:00,1,
900,OO-SNB,2025-05-13 12:00,2025-05-13 12:00,1,
897,PH-BXA,2025-05-13 11:55,2025-05-13 11:55,1,
898,9H-QCB,2025-05-13 11:55,2025-05-13 11:55,1,
896,EI-SIP,2025-05-13 11:50,2025-05-13 11:50,1,
894,F-GMZE,2025-05-13 11:35,2025-05-13 11:35,1,
895,EC-OJT,2025-05-13 11:35,2025-05-13 11:35,1,
890,EI-EVO,2025-05-13 11:20,2025-05-13 11:20,1,
888,D-AINR,2025-05-13 11:00,2025-05-13 11:00,1,
889,G-TTNW,2025-05-13 11:00,2025-05-13 11:00,1,
893,EC-JGS,2025-05-13 10:37,2025-05-13 10:37,1,
887,EC-LSQ,2025-05-13 10:30,2025-05-13 10:30,1,
886,CS-TAY,2025-05-13 10:25,2025-05-13 10:25,1,
885,EC-MUK,2025-05-13 10:20,2025-05-13 10:20,1,
882,4X-EKT,2025-05-13 10:00,2025-05-13 10:00,1,
883,EI-DVG,2025-05-13 10:00,2025-05-13 10:00,1,
884,EI-EFY,2025-05-13 09:55,2025-05-13 09:55,1,
892,OE-LUG,2025-05-13 09:51,2025-05-13 09:51,1,
881,9H-VUJ,2025-05-13 09:40,2025-05-13 09:40,1,
879,9H-WAY,2025-05-13 09:35,2025-05-13 09:35,1,
876,9H-LOM,2025-05-13 09:30,2025-05-13 09:30,1,
877,G-EJCG,2025-05-13 09:30,2025-05-13 09:30,1,
878,PH-BXO,2025-05-13 09:30,2025-05-13 09:30,1,
891,9H-AEL,2025-05-13 09:29,2025-05-13 09:29,1,
873,F-HZUC,2025-05-13 09:20,2025-05-13 09:20,1,
874,B-LRO,2025-05-13 09:20,2025-05-13 09:20,1,
872,N873BB,2025-05-13 09:15,2025-05-13 09:15,1,
871,G-EUYD,2025-05-13 09:10,2025-05-13 09:10,1,
868,HB-AZG,2025-05-13 09:05,2025-05-13 09:05,1,
869,HB-JXD,2025-05-13 09:05,2025-05-13 09:05,1,
870,N795AN,2025-05-13 09:05,2025-05-13 09:05,1,
867,EC-MIQ,2025-05-13 09:00,2025-05-13 09:00,1,
866,ET-AOR,2025-05-13 08:45,2025-05-13 08:45,1,
865,N77066,2025-05-13 08:35,2025-05-13 08:35,1,
875,D-AIRL,2025-05-13 08:35,2025-05-13 08:35,1,
863,B-1133,2025-05-13 08:25,2025-05-13 08:25,1,
864,9H-WDU,2025-05-13 08:25,2025-05-13 08:25,1,
862,N732AN,2025-05-13 08:15,2025-05-13 08:15,1,
861,9H-WDK,2025-05-13 08:05,2025-05-13 08:05,1,
860,N66056,2025-05-13 08:00,2025-05-13 08:00,1,
858,A6-BLL,2025-05-13 07:45,2025-05-13 07:45,1,
859,B-307Y,2025-05-13 07:45,2025-05-13 07:45,1,
857,9H-LON,2025-05-13 07:40,2025-05-13 07:40,1,
856,N803NW,2025-05-13 07:35,2025-05-13 07:35,1,
854,D-AEAH,2025-05-13 06:41,2025-05-13 06:41,1,
853,N770AN,2025-05-13 06:30,2025-05-13 06:30,1,
852,OE-IMC,2025-05-13 06:04,2025-05-13 06:04,1,
851,EC-NHF,2025-05-13 06:01,2025-05-13 06:01,1,
855,OK-NEC,2025-05-13 05:58,2025-05-13 05:58,1,
849,N794AN,2025-05-13 05:40,2025-05-13 05:40,1,
850,D-AEAK,2025-05-13 05:30,2025-05-13 05:30,1,
848,XA-ADG,2025-05-13 05:10,2025-05-13 05:10,1,
847,EC-OIL,2025-05-13 05:00,2025-05-13 05:00,1,
846,N742AM,2025-05-13 04:55,2025-05-13 04:55,1,
837,EI-IJH,2025-05-13 02:05,2025-05-13 02:05,1,
844,EI-ENA,2025-05-13 01:00,2025-05-13 01:00,1,
845,EI-HMX,2025-05-13 01:00,2025-05-13 01:00,1,
836,EI-HOH,2025-05-13 00:25,2025-05-13 00:25,1,
843,4X-EHD,2025-05-13 00:13,2025-05-13 00:13,1,
835,CS-TNT,2025-05-13 00:10,2025-05-13 00:10,1,
834,EI-IGV,2025-05-13 00:00,2025-05-13 00:00,1,
833,F-GKXU,2025-05-12 23:55,2025-05-12 23:55,1,
832,EC-MQQ,2025-05-12 23:50,2025-05-12 23:50,1,
842,CC-BGD,2025-05-12 23:49,2025-05-12 23:49,1,
831,OO-SNJ,2025-05-12 23:45,2025-05-12 23:45,1,
841,XA-ADH,2025-05-12 23:36,2025-05-12 23:36,1,
830,EI-ENW,2025-05-12 23:35,2025-05-12 23:35,1,
840,EI-IFX,2025-05-12 23:32,2025-05-12 23:32,1,
829,9H-QDU,2025-05-12 23:30,2025-05-12 23:30,1,
828,F-HTVM,2025-05-12 23:25,2025-05-12 23:25,1,
827,EC-KJA,2025-05-12 23:17,2025-05-12 23:17,1,
826,D-AIWH,2025-05-12 23:15,2025-05-12 23:15,1,
839,B-1469,2025-05-12 23:05,2025-05-12 23:05,1,
838,D-IGAL,2025-05-12 23:00,2025-05-12 23:00,1,
792,A7-BAU,2025-05-10 12:15,2025-05-10T14:15,4,
435,EC-MKJ,2025-02-12 01:48,2025-05-10T13:50,20,
120,EC-OJI,2025-01-30T06:00:00Z,2025-05-10T13:41,8,
793,CC-BGT,2025-05-10 11:40,2025-05-10T13:40,4,
786,EC-NVR,2025-05-10 11:20,2025-05-10T13:35,5,
514,EC-OJK,2025-02-12 10:13,2025-05-10T13:29,9,
783,N778AN,2025-05-10 11:25,2025-05-10T13:25,6,
791,TC-LPI,2025-05-10 11:25,2025-05-10T13:25,4,
774,A6-EOV,2025-05-10 10:39,2025-05-10T13:19,6,
771,D-AIWJ,2025-05-10 10:05,2025-05-10T13:15,2,
790,TC-RBY,2025-05-10 11:15,2025-05-10T13:15,4,
621,EC-LXA,2025-05-07 15:30,2025-05-10T13:10,6,
764,N758AN,2025-05-10 09:45,2025-05-10T13:02,2,
775,N875BD,2025-05-10 11:01,2025-05-10T13:02,6,
212,EC-LUT,2025-02-09 14:08,2025-05-10T13:01,25,
331,EC-JQG,2025-02-10 11:00,2025-05-10T12:55,12,
728,C-GHQQ,2025-05-09 10:55,2025-05-10T12:55,11,
789,OK-EYB,2025-05-10 10:55,2025-05-10T12:55,4,
189,EC-NLJ,2025-02-09 13:10,2025-05-10T12:50,50,
768,OO-SNQ,2025-05-10 09:40,2025-05-10T12:50,2,
780,N830NW,2025-05-10 10:50,2025-05-10T12:50,6,
324,SU-GDA,2025-02-10 12:05,2025-05-10T12:45,8,
778,C-GHQY,2025-05-10 10:40,2025-05-10T12:40,6,
772,B-7800,2025-05-10 10:29,2025-05-10T12:38,6,
662,EI-EKJ,2025-05-08 10:09,2025-05-10T12:30,7,
566,EC-MOM,2025-02-14 13:00,2025-05-10T12:27,13,
773,C-GOKG,2025-05-10 10:36,2025-05-10T12:22,6,
701,EC-ONG,2025-05-09 09:00,2025-05-10T12:20,6,
787,EC-OEA,2025-05-10 10:20,2025-05-10T12:20,5,
604,EC-NEI,2025-05-07 12:30,2025-05-10T12:16,12,
75,EC-OCI,2025-01-30 06:20,2025-05-10T12:15,17,
700,EC-NGN,2025-05-09 08:57,2025-05-10T12:12,7,
715,XA-DHM,2025-05-09 08:55,2025-05-10T11:59,7,
769,PH-BXU,2025-05-10 09:55,2025-05-10T11:55,6,
785,9H-QDR,2025-05-10 10:07,2025-05-10T11:55,5,
788,9H-QDM,2025-05-10 09:50,2025-05-10T11:50,4,
697,EC-NTB,2025-05-09 08:45,2025-05-10T11:48,7,
784,9H-QCI,2025-05-10 09:45,2025-05-10T11:45,5,
721,9H-QCV,2025-05-09 09:50,2025-05-10T11:40,2,
576,EC-MNL,2025-02-14 13:55,2025-05-10T11:16,10,
158,SX-NAJ,2025-02-09 11:50,2025-05-10 11:35,17,
595,YR-BGK,2025-05-07 11:30,2025-05-10 11:20,7,
782,D-AIWJ,2025-05-10 11:15,2025-05-10 11:15,1,
781,N758AN,2025-05-10 11:02,2025-05-10 11:02,1,
191,EC-NXA,2025-02-09 13:15,2025-05-10 10:50,13,
779,OO-SNQ,2025-05-10 10:50,2025-05-10 10:50,1,
204,EC-OFM,2025-02-09 13:45,2025-05-10 10:40,21,
390,EC-MNK,2025-02-12 10:40,2025-05-10 10:15,18,
330,EC-LXK,2025-02-10 10:34,2025-05-10 10:10,9,
200,EC-NMZ,2025-02-09 13:40,2025-05-10 10:05,20,
137,EC-MOU,2025-02-09 10:40,2025-05-10 10:00,8,
766,N660CL,2025-05-10 10:00,2025-05-10 10:00,7,
294,EI-GAL,2025-02-09 21:20,2025-05-10 09:55,14,
765,EI-DHN,2025-05-10 09:55,2025-05-10 09:55,7,
770,CS-TCF,2025-05-10 09:55,2025-05-10 09:55,2,
4,EC-NJM,2025-01-30 06:00,2025-05-10 09:50,36,
227,EC-JRE,2025-02-09 14:40,2025-05-10 09:50,25,
267,HA-LXL,2025-02-09 18:00,2025-05-10 09:45,5,
777,N76055,2025-05-10 09:43,2025-05-10 09:43,1,
67,EC-LVQ,2025-01-30T05:17:00Z,2025-05-10 09:40,24,
162,EC-OFP,2025-02-09 11:55,2025-05-10 09:39,12,
77,EC-OCS,2025-01-30 06:27,2025-05-10 09:35,11,
425,YU-APN,2025-02-12 08:57,2025-05-10 09:35,6,
706,PH-BXB,2025-05-09 09:55,2025-05-10 09:35,9,
762,G-EUPZ,2025-05-10 09:35,2025-05-10 09:35,2,
761,G-EZUF,2025-05-10 09:30,2025-05-10 09:30,1,
767,EI-DLV,2025-05-10 09:21,2025-05-10 09:21,1,
288,EC-LPR,2025-02-09 20:35,2025-05-10 09:20,5,
760,N877BF,2025-05-10 09:20,2025-05-10 09:20,1,
776,EC-MOY,2025-05-10 08:34,2025-05-10 08:34,2,
175,N757AN,2025-02-09 10:40,2025-05-09 11:55,8,
729,N765AN,2025-05-09 11:25,2025-05-09 11:25,5,
79,EC-MQP,2025-01-30 06:28,2025-05-09 11:12,25,
725,N782AM,2025-05-09 11:09,2025-05-09 11:09,5,
724,N870AX,2025-05-09 11:02,2025-05-09 11:02,5,
319,EC-MNS,2025-02-10 11:30,2025-05-09 10:55,21,
540,LV-FVH,2025-02-12 03:35,2025-05-09 10:55,10,
726,SE-RXC,2025-05-09 10:55,2025-05-09 10:55,5,
103,EC-LQX,2025-01-30T06:17:00Z,2025-05-09 10:54,14,
404,A6-EOJ,2025-02-12 12:00,2025-05-09 10:54,24,
690,N813NW,2025-05-09 09:30,2025-05-09 10:50,7,
705,OO-TCQ,2025-05-09 09:40,2025-05-09 10:50,7,
336,EC-MMX,2025-02-10 12:35,2025-05-09 10:47,19,
723,OE-IJK,2025-05-09 10:41,2025-05-09 10:41,2,
731,OE-IJK,2025-05-09 10:41,2025-05-09 10:41,1,
709,A6-DDD,2025-05-09 10:25,2025-05-09 10:40,6,
46,EC-LZX,2025-01-30 06:45,2025-05-09 10:36,23,
699,G-NEOT,2025-05-09 08:56,2025-05-09 10:33,2,
178,EC-MMG,2025-02-09 11:50,2025-05-09 10:30,22,
696,EC-NIG,2025-05-09 10:30,2025-05-09 10:30,2,
710,EC-OAQ,2025-05-09 10:30,2025-05-09 10:30,6,
645,EC-NGM,2025-05-08 02:51,2025-05-09 10:23,12,
718,G-NEOT,2025-05-09 10:20,2025-05-09 10:20,1,
123,EC-NJI,2025-02-09 10:20,2025-05-09 10:15,9,
694,EI-INB,2025-05-09 10:15,2025-05-09 10:15,7,
695,4X-EHI,2025-05-09 10:15,2025-05-09 10:15,7,
722,EI-SIR,2025-05-09 10:13,2025-05-09 10:13,2,
730,EI-SIR,2025-05-09 10:13,2025-05-09 10:13,1,
708,D-AIDE,2025-05-09 10:05,2025-05-09 10:05,6,
707,B-LQC,2025-05-09 09:59,2025-05-09 09:59,6,
54,EC-NCM,2025-01-30T05:37:00Z,2025-05-09 09:55,19,
211,EC-JQZ,2025-02-09 14:05,2025-05-09 09:55,25,
221,EC-LEI,2025-02-09 14:30,2025-05-09 09:55,33,
603,EC-MKI,2025-05-07 12:25,2025-05-09 09:55,10,
693,9H-NEE,2025-05-09 09:55,2025-05-09 09:55,9,
727,9H-QCV,2025-05-09 09:50,2025-05-09 09:50,1,
692,LN-NGM,2025-05-09 09:45,2025-05-09 09:45,9,
689,N78060,2025-05-09 09:25,2025-05-09 09:43,2,
717,N78060,2025-05-09 09:43,2025-05-09 09:43,1,
110,EC-LAA,2025-01-30T06:12:00Z,2025-05-09 09:40,24,
704,N801AC,2025-05-09 09:36,2025-05-09 09:36,7,
109,EC-MUF,2025-01-30T06:19:00Z,2025-05-09 09:35,22,
691,EI-DEL,2025-05-09 09:35,2025-05-09 09:35,9,
703,SX-NAE,2025-05-09 09:35,2025-05-09 09:35,7,
113,EC-NGS,2025-01-30T06:05:00Z,2025-05-09 09:32,20,
247,EC-JFG,2025-02-09 16:10,2025-05-09 09:30,18,
678,CN-NMP,2025-05-09 08:40,2025-05-09 09:30,2,
711,CN-NMP,2025-05-09 09:30,2025-05-09 09:30,1,
188,EC-MIG,2025-02-09 13:00,2025-05-09 09:29,30,
230,EC-NTO,2025-02-09 14:45,2025-05-09 09:25,18,
118,EC-MVY,2025-01-30T06:04:00Z,2025-05-09 09:20,41,
687,EC-NSC,2025-05-09 09:20,2025-05-09 09:20,10,
688,EI-IHA,2025-05-09 09:20,2025-05-09 09:20,9,
716,N67052,2025-05-09 09:18,2025-05-09 09:18,1,
146,EI-EVF,2025-02-09 11:00,2025-05-09 09:15,14,
335,PH-BGA,2025-02-10 12:25,2025-05-09 09:15,12,
626,YR-BGJ,2025-05-08 11:25,2025-05-09 09:15,10,
720,EC-LXQ,2025-05-09 09:15,2025-05-09 09:15,1,
719,D-AIEB,2025-05-09 09:11,2025-05-09 09:11,1,
229,EC-NTA,2025-02-09 14:45,2025-05-09 09:10,17,
673,EC-MGF,2025-05-08 11:32,2025-05-09 09:10,5,
686,G-UZME,2025-05-09 09:10,2025-05-09 09:10,3,
702,EC-OEP,2025-05-09 09:10,2025-05-09 09:10,2,
140,EC-MLC,2025-02-09 10:45,2025-05-09 09:05,14,
100,EC-LPG,2025-01-30T06:13:00Z,2025-05-09 09:00,9,
683,F-HPNI,2025-05-09 09:00,2025-05-09 09:00,1,
684,EI-DYA,2025-05-09 09:00,2025-05-09 09:00,1,
107,EC-ILS,2025-01-30T06:15:00Z,2025-05-09 08:55,23,
217,N782AV,2025-02-09 14:20,2025-05-09 08:55,6,
681,EC-JEJ,2025-05-09 08:55,2025-05-09 08:55,1,
682,G-TTNM,2025-05-09 08:55,2025-05-09 08:55,1,
289,EC-NJY,2025-02-09 20:35,2025-05-09 08:50,12,
418,EC-JDR,2025-02-12 09:40,2025-05-09 08:50,9,
641,9H-QAS,2025-05-08 08:50,2025-05-09 08:50,6,
679,LZ-ROM,2025-05-09 08:50,2025-05-09 08:50,1,
680,B-7898,2025-05-09 08:50,2025-05-09 08:50,1,
714,A6-BLO,2025-05-09 08:50,2025-05-09 08:50,1,
713,N719AN,2025-05-09 08:49,2025-05-09 08:49,1,
698,EC-NIG,2025-05-09 08:46,2025-05-09 08:46,1,
677,EC-KOM,2025-05-09 08:40,2025-05-09 08:40,1,
383,D-AISH,2025-02-10 18:15,2025-05-09 08:35,2,
675,9H-WDM,2025-05-09 08:35,2025-05-09 08:35,1,
676,9H-WDE,2025-05-09 08:35,2025-05-09 08:35,1,
712,G-TTNM,2025-05-09 08:35,2025-05-09 08:35,1,
127,EC-MYA,2025-02-09 10:25,2025-05-09 08:27,10,
660,G-EUYB,2025-05-08 12:00,2025-05-08 15:15,5,
105,EC-NVJ,2025-01-30T06:19:00Z,2025-05-08 15:10,28,
94,EC-NER,2025-01-30T06:33:00Z,2025-05-08 15:05,4,
606,B-7878,2025-05-07 12:45,2025-05-08 15:05,6,
661,D-AINC,2025-05-08 11:45,2025-05-08 15:05,5,
408,EC-MAA,2025-02-12 12:20,2025-05-08 14:55,19,
121,EC-JFH,2025-02-09 10:15,2025-05-08 14:50,16,
95,EC-JZM,2025-01-30T06:33:00Z,2025-05-08 14:45,16,
617,N783AV,2025-05-07 14:15,2025-05-08 14:45,6,
633,HZ-ARA,2025-05-08 05:16,2025-05-08 14:40,5,
637,N818AL,2025-05-08 03:06,2025-05-08 14:40,7,
148,EC-NBE,2025-02-09 11:05,2025-05-08 14:30,20,
619,A7-BEH,2025-05-07 14:20,2025-05-08 14:25,7,
215,EC-MYX,2025-02-09 14:15,2025-05-08 14:20,12,
520,EC-OCC,2025-02-12 11:15,2025-05-08 14:20,12,
546,EC-MVC,2025-02-13 07:55,2025-05-08 14:20,9,
669,D-AIEJ,2025-05-08 14:20,2025-05-08 14:20,3,
124,EC-LJX,2025-02-09 10:20,2025-05-08 14:15,16,
207,SU-GFX,2025-02-09 13:45,2025-05-08 14:15,19,
541,EC-MLP,2025-02-13 06:50,2025-05-08 14:15,8,
656,SP-LWC,2025-05-08 08:54,2025-05-08 14:10,4,
639,EC-OCT,2025-05-08 09:54,2025-05-08 14:00,7,
345,EC-MLB,2025-02-10 13:35,2025-05-08 13:55,10,
574,EC-OAY,2025-02-14 13:40,2025-05-08 13:55,9,
668,EC-LVR,2025-05-08 13:50,2025-05-08 13:50,3,
667,EC-NZN,2025-05-08 13:45,2025-05-08 13:45,3,
194,N795AV,2025-02-09 13:25,2025-05-08 13:40,25,
638,HB-JXT,2025-05-08 08:54,2025-05-08 13:40,2,
643,CC-BGY,2025-05-07 23:01,2025-05-08 13:40,5,
644,CC-BGJ,2025-05-08 02:14,2025-05-08 13:40,7,
86,EC-OBJ,2025-01-30 06:56,2025-05-08 13:35,13,
184,EC-MIH,2025-02-09 12:55,2025-05-08 13:35,16,
201,EC-NUZ,2025-02-09 13:40,2025-05-08 13:35,16,
635,TC-RDD,2025-05-08 06:59,2025-05-08 13:35,6,
640,A6-EDW,2025-05-08 03:54,2025-05-08 13:35,7,
666,7T-VKT,2025-05-08 13:35,2025-05-08 13:35,3,
108,EC-MXM,2025-01-30T06:05:00Z,2025-05-08 13:30,12,
665,EC-LTM,2025-05-08 13:25,2025-05-08 13:25,2,
101,EC-NZR,2025-01-30T06:20:00Z,2025-05-08 13:20,9,
629,D-AIDI,2025-05-08 12:15,2025-05-08 13:20,2,
632,EC-MTI,2025-05-08 01:31,2025-05-08 13:15,3,
93,EC-IZH,2025-01-30T06:25:00Z,2025-05-08 13:10,15,
76,EC-LUS,2025-01-30 06:27,2025-05-08 13:05,21,
671,G-NEOR,2025-05-08 12:50,2025-05-08 12:50,3,
397,N183AM,2025-02-12 11:20,2025-05-08 12:35,20,
598,OO-SNE,2025-05-07 12:10,2025-05-08 12:30,5,
657,PT-MUJ,2025-05-08 12:30,2025-05-08 12:30,2,
655,HB-JXT,2025-05-08 12:12,2025-05-08 12:12,1,
663,PH-BCH,2025-05-08 12:00,2025-05-08 12:02,4,
628,SX-NAP,2025-05-08 11:45,2025-05-08 11:45,2,
654,N871AY,2025-05-08 11:45,2025-05-08 11:45,2,
659,G-EZWX,2025-05-08 11:37,2025-05-08 11:33,5,
627,B-208T,2025-05-08 11:25,2025-05-08 11:25,3,
653,CC-BBI,2025-05-08 11:25,2025-05-08 11:25,2,
8,EC-MXV,2025-01-30 06:20,2025-05-08 11:05,21,
651,D-AIDI,2025-05-08 11:05,2025-05-08 11:05,1,
97,EC-LRG,2025-01-30T06:31:00Z,2025-05-08 11:01,10,
132,EC-NST,2025-02-09 10:35,2025-05-08 11:01,15,
216,EC-MJQ,2025-02-09 14:20,2025-05-08 11:01,19,
583,EC-NIF,2025-02-14 11:21,2025-05-08 11:00,3,
624,N755AN,2025-05-08 10:50,2025-05-08 11:00,2,
625,N804NW,2025-05-08 11:00,2025-05-08 11:00,1,
652,N755AN,2025-05-08 11:00,2025-05-08 11:00,1,
312,EC-OES,2025-02-10 11:00,2025-05-08 10:50,2,
672,YR-ABC,2025-05-08 10:50,2025-05-08 10:50,3,
648,C-GHPX,2025-05-08 10:45,2025-05-08 10:45,1,
623,EI-HXB,2025-05-08 10:40,2025-05-08 10:40,2,
647,YL-ABH,2025-05-08 10:40,2025-05-08 10:40,1,
649,N751AN,2025-05-08 10:40,2025-05-08 10:40,1,
650,N804NW,2025-05-08 10:40,2025-05-08 10:40,1,
147,EC-NFM,2025-02-09 11:05,2025-05-08 10:35,8,
664,TC-LOD,2025-05-08 10:34,2025-05-08 10:34,4,
271,EC-NDN,2025-02-09 18:25,2025-05-08 10:30,12,
547,N792AV,2025-02-13 08:40,2025-05-08 10:30,5,
646,C-GHPT,2025-05-08 10:30,2025-05-08 10:30,1,
257,EC-IXD,2025-02-09 17:05,2025-05-08 10:05,10,
642,EC-OHE,2025-05-08 09:33,2025-05-08 09:45,2,
658,EI-HEV,2025-05-08 09:25,2025-05-08 09:36,5,
622,F-HPNM,2025-05-08 09:05,2025-05-08 09:05,1,
634,OK-FYC,2025-05-08 08:28,2025-05-08 08:28,1,
213,EC-KOH,2025-02-09 14:10,2025-05-08 08:25,13,
261,EC-OCH,2025-02-09 17:30,2025-05-08 08:14,6,
631,EI-DHE,2025-05-08 08:10,2025-05-08 08:10,1,
636,TC-LTF,2025-05-08 07:22,2025-05-08 07:22,1,
674,CC-BGI,2025-05-08 03:56,2025-05-08 03:56,1,
243,LV-GIF,2025-02-09 15:45,2025-05-08 02:49,10,
630,EC-KCP,2025-05-08 01:38,2025-05-08 01:38,1,
670,HL8081,2025-05-08 00:53,2025-05-08 00:53,3,
220,EC-NUL,2025-02-09 14:30,2025-05-07 23:10,6,
620,JY-AYS,2025-05-07 15:05,2025-05-07 15:05,1,
618,EC-LYE,2025-05-07 14:20,2025-05-07 14:20,1,
616,A6-EEN,2025-05-07 13:35,2025-05-07 13:35,1,
615,T7-ME5,2025-05-07 13:25,2025-05-07 13:25,1,
612,CC-BGK,2025-05-07 13:15,2025-05-07 13:15,1,
613,EC-NCY,2025-05-07 13:15,2025-05-07 13:15,1,
611,TC-RBI,2025-05-07 13:10,2025-05-07 13:10,1,
608,N878BG,2025-05-07 13:05,2025-05-07 13:05,1,
609,EI-IGG,2025-05-07 13:05,2025-05-07 13:05,1,
610,OK-TSM,2025-05-07 13:05,2025-05-07 13:05,1,
614,D-AIDB,2025-05-07 13:05,2025-05-07 13:05,1,
607,EC-LUB,2025-05-07 13:00,2025-05-07 13:00,1,
605,XA-DHN,2025-05-07 12:45,2025-05-07 12:45,1,
602,9H-QDO,2025-05-07 12:25,2025-05-07 12:25,1,
600,SP-RKR,2025-05-07 12:10,2025-05-07 12:10,1,
601,EI-SCC,2025-05-07 12:05,2025-05-07 12:05,1,
599,D-AIDB,2025-05-07 11:50,2025-05-07 11:50,1,
596,PH-BXL,2025-05-07 11:45,2025-05-07 11:45,1,
597,SX-NAO,2025-05-07 11:45,2025-05-07 11:45,1,
578,EC-OAX,2025-02-14 14:25,2025-02-14 14:25,2,
577,CP-3214,2025-02-14 14:05,2025-02-14 14:05,2,
579,OE-IVE,2025-02-14 10:51,2025-02-14 13:45,2,
587,D-AISK,2025-02-14 13:45,2025-02-14 13:45,1,
588,D-AISK,2025-02-14 13:45,2025-02-14 13:45,1,
592,OE-IVE,2025-02-14 13:45,2025-02-14 13:45,1,
585,OE-IDX,2025-02-14 13:36,2025-02-14 13:36,2,
573,CC-BGG,2025-02-14 13:35,2025-02-14 13:35,2,
591,G-EUYC,2025-02-14 13:35,2025-02-14 13:35,2,
572,EI-IKH,2025-02-14 13:30,2025-02-14 13:30,2,
586,N965AM,2025-02-14 13:30,2025-02-14 13:30,2,
163,EC-NZG,2025-02-09 12:05,2025-02-14 13:25,13,
590,A6-EEO,2025-02-14 13:25,2025-02-14 13:25,2,
298,N793AV,2025-02-09 22:00,2025-02-14 13:20,3,
570,CC-BMA,2025-02-14 13:20,2025-02-14 13:20,2,
571,EI-DWR,2025-02-14 13:20,2025-02-14 13:20,2,
179,EC-NBM,2025-02-09 12:25,2025-02-14 13:15,21,
569,SU-GFT,2025-02-14 13:15,2025-02-14 13:15,2,
81,EC-MPS,2025-01-30 06:35,2025-02-14 13:10,20,
186,OK-SWW,2025-02-09 12:55,2025-02-14 13:05,16,
396,EC-OEM,2025-02-12 11:10,2025-02-14 13:00,14,
567,D-AISK,2025-02-14 13:00,2025-02-14 13:00,1,
568,9H-QBV,2025-02-14 13:00,2025-02-14 13:00,2,
171,EC-NUY,2025-02-09 10:31,2025-02-14 12:55,8,
565,PH-BXC,2025-02-14 12:55,2025-02-14 12:55,2,
85,EC-MUZ,2025-01-30 06:53,2025-02-14 12:50,18,
399,EC-MLT,2025-02-12 11:25,2025-02-14 12:50,19,
564,EC-LUX,2025-02-14 12:50,2025-02-14 12:50,2,
563,D-AISK,2025-02-14 12:45,2025-02-14 12:45,2,
589,D-AISK,2025-02-14 12:45,2025-02-14 12:45,1,
403,EI-EMA,2025-02-12 11:55,2025-02-14 12:40,13,
562,9H-VUA,2025-02-14 12:05,2025-02-14 12:05,1,
580,EC-MTE,2025-02-14 11:20,2025-02-14 11:20,2,
231,EC-NIA,2025-02-09 14:45,2025-02-14 11:14,18,
58,EC-MTZ,2025-01-30T05:30:00Z,2025-02-14 11:12,15,
135,EC-LJT,2025-02-09 10:40,2025-02-14 11:10,11,
99,EC-LOJ,2025-01-30T06:30:00Z,2025-02-14 11:04,21,
259,EC-HUH,2025-02-09 16:20,2025-02-14 11:02,6,
50,F-HTVO,2025-01-30T05:17:00Z,2025-02-14 10:58,9,
115,EC-JFN,2025-01-30T06:00:00Z,2025-02-14 10:47,7,
584,SP-LWF,2025-02-14 10:37,2025-02-14 10:37,2,
128,EC-NTQ,2025-02-09 10:30,2025-02-14 10:35,10,
302,EI-IFY,2025-02-09 22:20,2025-02-14 10:35,9,
575,N786AV,2025-02-14 13:50,2025-02-14 03:11,2,
581,N786AV,2025-02-14 03:11,2025-02-14 03:11,1,
561,A6-EUF,2025-02-13 12:15,2025-02-13 12:15,1,
548,N828MH,2025-02-13 08:40,2025-02-13 08:40,3,
521,N69063,2025-02-12 02:40,2025-02-13 08:35,10,
173,B-208S,2025-02-09 10:35,2025-02-13 07:50,4,
545,F-HXSA,2025-02-13 07:50,2025-02-13 07:50,3,
117,EC-MCS,2025-01-30T06:05:00Z,2025-02-13 07:45,12,
544,B-1467,2025-02-13 07:45,2025-02-13 07:45,3,
210,EC-LOV,2025-02-09 14:00,2025-02-13 07:40,13,
70,EC-LUK,2025-01-29T22:46:00Z,2025-02-13 07:35,5,
69,N840MH,2025-01-29T23:43:00Z,2025-02-13 07:30,6,
543,A6-BLT,2025-02-13 07:10,2025-02-13 07:10,3,
111,EC-MJU,2025-01-30T06:14:00Z,2025-02-13 07:05,21,
542,B-304N,2025-02-13 07:05,2025-02-13 07:05,3,
82,EI-IJJ,2025-01-30 06:44,2025-02-13 07:00,4,
222,EC-NZP,2025-02-09 14:35,2025-02-13 06:40,12,
556,G-EUYF,2025-02-13 06:20,2025-02-13 06:20,1,
270,EI-IJZ,2025-02-09 18:20,2025-02-13 06:15,16,
329,HB-AZL,2025-02-10 10:30,2025-02-13 06:00,2,
552,9H-WDN,2025-02-13 05:31,2025-02-13 05:31,2,
555,EI-EFI,2025-02-13 05:25,2025-02-13 05:25,1,
557,SP-RSC,2025-02-13 05:25,2025-02-13 05:25,1,
549,ET-AUR,2025-02-13 05:21,2025-02-13 05:21,3,
559,9H-WAF,2025-02-13 05:06,2025-02-13 05:06,1,
550,9H-QDY,2025-02-13 05:05,2025-02-13 05:05,3,
558,SP-RKH,2025-02-13 05:00,2025-02-13 05:00,1,
551,9H-QEP,2025-02-13 04:57,2025-02-13 04:57,2,
553,HA-LXH,2025-02-13 04:27,2025-02-13 04:27,1,
395,EC-NGT,2025-02-12 11:10,2025-02-13 02:19,13,
554,9H-HFH,2025-02-12 23:28,2025-02-12 23:28,1,
283,EC-NDR,2025-02-09 20:15,2025-02-12 23:23,3,
560,N780AN,2025-02-12 23:15,2025-02-12 23:15,1,
529,D-AIDK,2025-02-12 12:00,2025-02-12 15:25,3,
522,JY-AYT,2025-02-12 08:54,2025-02-12 15:20,7,
526,9H-QDP,2025-02-12 11:56,2025-02-12 14:50,4,
537,OE-ISH,2025-02-12 14:30,2025-02-12 14:30,2,
51,EC-NZQ,2025-01-30T04:50:00Z,2025-02-12 14:25,8,
519,SP-LNM,2025-02-12 10:13,2025-02-12 14:25,7,
130,EC-NGP,2025-02-09 10:30,2025-02-12 14:20,11,
119,EC-NJU,2025-01-30T06:10:00Z,2025-02-12 14:10,20,
524,F-GZHZ,2025-02-12 14:10,2025-02-12 14:10,4,
150,EC-MTO,2025-02-09 11:15,2025-02-12 14:05,16,
282,EC-MSZ,2025-02-09 20:05,2025-02-12 14:05,15,
407,B-1468,2025-02-12 12:10,2025-02-12 14:00,11,
515,EC-OAV,2025-02-12 02:05,2025-02-12 14:00,6,
516,CC-BGH,2025-02-12 00:19,2025-02-12 13:55,7,
532,CS-TJM,2025-02-12 13:55,2025-02-12 13:55,2,
415,D-AIDC,2025-02-12 09:24,2025-02-12 13:45,24,
513,EI-DCX,2025-02-12 10:40,2025-02-12 13:45,4,
531,EI-HGG,2025-02-12 13:40,2025-02-12 13:40,2,
133,EC-ILR,2025-02-09 10:35,2025-02-12 13:35,9,
434,A7-BEG,2025-02-12 05:16,2025-02-12 13:35,6,
439,N780AV,2025-02-12 03:02,2025-02-12 13:35,8,
442,EC-NCX,2025-02-12 02:35,2025-02-12 13:35,10,
539,G-NEOY,2025-02-12 13:35,2025-02-12 13:35,2,
297,OE-LQM,2025-02-09 21:45,2025-02-12 13:15,6,
431,CC-BGN,2025-02-12 02:35,2025-02-12 13:10,8,
536,PH-BGM,2025-02-12 13:10,2025-02-12 13:10,2,
422,EC-MMY,2025-02-12 03:15,2025-02-12 13:05,8,
141,EC-MOX,2025-02-09 10:50,2025-02-12 12:40,6,
225,EC-OBY,2025-02-09 14:35,2025-02-12 12:35,14,
534,F-GKXM,2025-02-12 12:24,2025-02-12 12:24,2,
48,EC-MNR,2025-01-30T05:10:00Z,2025-02-12 12:22,9,
538,EI-EKH,2025-02-12 12:20,2025-02-12 12:20,2,
533,D-AEUJ,2025-02-12 12:19,2025-02-12 12:19,2,
388,N813AN,2025-02-12 10:25,2025-02-12 12:15,7,
138,EI-EVR,2025-02-09 10:45,2025-02-12 12:10,3,
406,PH-BXF,2025-02-12 12:10,2025-02-12 12:10,15,
530,G-EZUK,2025-02-12 12:25,2025-02-12 12:08,3,
190,EC-NBX,2025-02-09 13:15,2025-02-12 12:05,26,
497,N767AJ,2025-02-12 12:00,2025-02-12 12:00,4,
313,G-EUUF,2025-02-10 11:10,2025-02-12 11:45,15,
402,SX-NAM,2025-02-12 11:40,2025-02-12 11:40,12,
250,OO-SBE,2025-02-09 16:30,2025-02-12 11:35,15,
401,TC-RFD,2025-02-12 11:35,2025-02-12 11:35,10,
400,9H-QAI,2025-02-12 11:30,2025-02-12 11:30,10,
398,F-GKXY,2025-02-12 11:25,2025-02-12 11:25,10,
251,EC-NXE,2025-02-09 16:45,2025-02-12 11:10,16,
394,D-AIBF,2025-02-12 11:10,2025-02-12 11:10,12,
525,SP-RKC,2025-02-12 11:06,2025-02-12 11:06,5,
393,YR-BGM,2025-02-12 11:05,2025-02-12 11:05,16,
535,TC-LSN,2025-02-12 11:03,2025-02-12 11:03,2,
151,EC-MII,2025-02-09 11:25,2025-02-12 10:55,22,
391,EI-DTA,2025-02-12 10:50,2025-02-12 10:50,13,
392,G-EZGJ,2025-02-12 10:50,2025-02-12 10:50,17,
385,EC-MUD,2025-02-12 10:15,2025-02-12 10:44,6,
149,EC-LYM,2025-02-09 11:10,2025-02-12 10:40,12,
292,EC-NVP,2025-02-09 21:15,2025-02-12 10:40,9,
517,EI-HES,2025-02-12 10:40,2025-02-12 10:40,5,
114,EC-LPQ,2025-01-30T06:05:00Z,2025-02-12 10:35,8,
389,4X-EKK,2025-02-12 10:30,2025-02-12 10:30,4,
112,EC-KHM,2025-01-30T06:18:00Z,2025-02-12 10:25,12,
387,EC-MPA,2025-02-12 10:25,2025-02-12 10:25,3,
89,EC-OAS,2025-01-30T06:40:00Z,2025-02-12 10:20,13,
386,PH-BGI,2025-02-12 10:20,2025-02-12 10:20,3,
104,EC-JDM,2025-01-30T06:13:00Z,2025-02-12 10:15,9,
177,EC-MXY,2025-02-09 10:50,2025-02-12 10:05,6,
384,9H-VUH,2025-02-12 10:05,2025-02-12 10:05,1,
405,HB-AZI,2025-02-12 10:05,2025-02-12 10:05,1,
411,9H-LMC,2025-02-12 10:05,2025-02-12 10:05,6,
300,9H-QCA,2025-02-09 22:05,2025-02-12 10:03,4,
199,EC-NVQ,2025-02-09 13:35,2025-02-12 09:55,14,
92,EC-LYR,2025-01-30T06:38:00Z,2025-02-12 09:40,16,
423,EI-HMS,2025-02-12 09:35,2025-02-12 09:35,4,
224,EC-OAU,2025-02-09 14:35,2025-02-12 08:56,14,
131,EC-LRU,2025-02-09 10:30,2025-02-12 08:55,7,
266,EI-IHM,2025-02-09 17:55,2025-02-12 08:55,9,
420,TC-RDL,2025-02-12 07:53,2025-02-12 07:53,5,
518,A7-BTB,2025-02-12 05:59,2025-02-12 05:59,5,
523,EC-NXD,2025-02-12 04:36,2025-02-12 04:36,9,
344,CC-BGB,2025-02-10 13:15,2025-02-12 03:52,8,
195,EC-NBO,2025-02-09 13:30,2025-02-12 03:09,9,
155,EC-MSY,2025-02-09 11:40,2025-02-12 03:02,14,
421,CP-3208,2025-02-12 01:31,2025-02-12 01:31,5,
382,HA-LTD,2025-02-10 18:05,2025-02-10 18:05,1,
381,D-AIST,2025-02-10 17:35,2025-02-10 17:35,1,
208,EC-IEF,2025-02-09 13:55,2025-02-10 17:20,11,
252,G-EUUN,2025-02-09 16:45,2025-02-10 17:00,7,
380,G-EZOX,2025-02-10 17:00,2025-02-10 17:00,1,
378,HA-LWM,2025-02-10 16:50,2025-02-10 16:50,1,
379,EI-INE,2025-02-10 16:50,2025-02-10 16:50,1,
197,EC-OCR,2025-02-09 13:35,2025-02-10 16:40,10,
372,PH-BCB,2025-02-10 16:15,2025-02-10 16:15,5,
205,CC-BGE,2025-02-09 13:45,2025-02-10 14:00,12,
342,D-AINY,2025-02-10 13:05,2025-02-10 13:50,9,
347,SU-GFW,2025-02-10 13:45,2025-02-10 13:50,6,
83,EC-OBK,2025-01-30 06:46,2025-02-10 13:45,11,
84,EC-MPG,2025-01-30 06:52,2025-02-10 13:45,8,
116,EC-MKL,2025-01-30T06:05:00Z,2025-02-10 13:45,7,
198,EC-OBP,2025-02-09 13:35,2025-02-10 13:45,7,
346,A7-BEC,2025-02-10 13:35,2025-02-10 13:45,6,
193,9H-VDS,2025-02-09 13:25,2025-02-10 13:25,7,
341,OK-EYA,2025-02-10 13:05,2025-02-10 13:15,5,
154,EC-ODH,2025-02-09 11:40,2025-02-10 13:10,14,
343,N781AV,2025-02-10 13:05,2025-02-10 13:05,3,
340,EI-HEN,2025-02-10 12:50,2025-02-10 12:50,1,
338,EI-EMB,2025-02-10 12:45,2025-02-10 12:45,1,
337,LZ-VIE,2025-02-10 12:40,2025-02-10 12:40,1,
169,EI-IJN,2025-02-09 10:30,2025-02-10 12:35,6,
180,A6-EOD,2025-02-09 12:25,2025-02-10 12:20,10,
334,OE-LKP,2025-02-10 12:20,2025-02-10 12:20,1,
332,SX-NAD,2025-02-10 12:15,2025-02-10 12:15,1,
333,F-GZHC,2025-02-10 12:15,2025-02-10 12:15,1,
325,F-HZUS,2025-02-10 12:05,2025-02-10 12:05,2,
323,EC-LKF,2025-02-10 11:55,2025-02-10 11:55,2,
321,G-TTNL,2025-02-10 11:45,2025-02-10 11:45,1,
322,SU-BUZ,2025-02-10 11:45,2025-02-10 11:45,1,
96,EC-ODI,2025-01-30T06:29:00Z,2025-02-10 11:40,2,
320,TC-RBO,2025-02-10 11:35,2025-02-10 11:35,1,
143,EI-DWH,2025-02-09 10:55,2025-02-10 11:30,4,
316,CS-TJF,2025-02-10 11:20,2025-02-10 11:20,1,
317,D-AIEE,2025-02-10 11:20,2025-02-10 11:20,1,
318,XA-MFG,2025-02-10 11:20,2025-02-10 11:20,1,
314,YR-BGH,2025-02-10 11:15,2025-02-10 11:15,1,
315,EI-DWA,2025-02-10 11:15,2025-02-10 11:15,1,
228,EC-IJN,2025-02-09 14:40,2025-02-10 11:00,6,
310,4X-EKO,2025-02-10 10:50,2025-02-10 10:50,1,
311,EI-HXE,2025-02-10 10:50,2025-02-10 10:50,1,
44,N796AV,2025-01-30 06:25,2025-02-10 10:49,9,
309,EI-FNJ,2025-02-10 10:45,2025-02-10 10:45,1,
305,EC-NXC,2025-02-10 10:25,2025-02-10 10:25,1,
306,HA-LGL,2025-02-10 10:25,2025-02-10 10:25,1,
307,TC-LSY,2025-02-10 10:25,2025-02-10 10:25,1,
328,XA-ADL,2025-02-10 10:24,2025-02-10 10:24,1,
327,CS-TXH,2025-02-10 10:17,2025-02-10 10:17,1,
326,HB-AYP,2025-02-10 10:14,2025-02-10 10:14,1,
183,EC-HUI,2025-02-09 12:45,2025-02-10 10:10,15,
304,PH-BGB,2025-02-10 10:10,2025-02-10 10:10,1,
303,PH-BXE,2025-02-09 23:10,2025-02-09 23:10,1,
301,EI-IJX,2025-02-09 22:10,2025-02-09 22:10,1,
299,4X-EHE,2025-02-09 22:00,2025-02-09 22:00,1,
232,EI-HAW,2025-02-09 15:00,2025-02-09 21:55,6,
49,EC-MXA,2025-01-30T05:22:00Z,2025-02-09 21:35,11,
295,9H-WNH,2025-02-09 21:25,2025-02-09 21:25,2,
293,9H-WNC,2025-02-09 21:15,2025-02-09 21:15,2,
88,EC-MJO,2025-01-30T06:30:00Z,2025-02-09 21:05,8,
291,G-EZWY,2025-02-09 20:50,2025-02-09 20:50,2,
290,EI-DPF,2025-02-09 20:40,2025-02-09 20:40,2,
278,HB-JXB,2025-02-09 19:45,2025-02-09 20:35,4,
287,9H-QAA,2025-02-09 20:30,2025-02-09 20:30,2,
286,G-EZWB,2025-02-09 20:20,2025-02-09 20:20,2,
284,B-1368,2025-02-09 20:15,2025-02-09 20:15,2,
281,D-AIEO,2025-02-09 20:00,2025-02-09 20:00,2,
280,G-TTNG,2025-02-09 19:50,2025-02-09 19:50,2,
279,A7-BHE,2025-02-09 19:45,2025-02-09 19:45,2,
275,PH-BXZ,2025-02-09 19:35,2025-02-09 19:35,2,
276,G-EJCV,2025-02-09 19:35,2025-02-09 19:35,2,
277,A6-ENN,2025-02-09 19:35,2025-02-09 19:35,2,
296,F-HXSI,2025-02-09 19:35,2025-02-09 19:35,2,
274,9H-WBO,2025-02-09 19:30,2025-02-09 19:30,2,
273,HA-LTJ,2025-02-09 19:00,2025-02-09 19:00,3,
272,HL7208,2025-02-09 18:30,2025-02-09 18:30,3,
269,EI-DPH,2025-02-09 18:15,2025-02-09 18:15,3,
268,EI-DHG,2025-02-09 18:10,2025-02-09 18:10,3,
264,D-AIRS,2025-02-09 17:35,2025-02-09 17:35,3,
265,EI-EMK,2025-02-09 17:35,2025-02-09 17:35,3,
260,CS-TAW,2025-02-09 17:30,2025-02-09 17:30,3,
262,LZ-LIS,2025-02-09 17:30,2025-02-09 17:30,3,
263,SP-RSI,2025-02-09 17:30,2025-02-09 17:30,3,
258,SX-DVH,2025-02-09 17:10,2025-02-09 17:10,4,
255,9H-WDS,2025-02-09 17:05,2025-02-09 17:05,4,
256,F-GUGN,2025-02-09 17:05,2025-02-09 17:05,4,
241,D-AIEP,2025-02-09 15:30,2025-02-09 16:55,8,
254,EI-HOF,2025-02-09 16:55,2025-02-09 16:55,4,
253,9H-QAF,2025-02-09 16:50,2025-02-09 16:50,4,
249,OE-INA,2025-02-09 16:20,2025-02-09 16:20,4,
248,N748AM,2025-02-09 16:15,2025-02-09 16:15,4,
246,9H-QCF,2025-02-09 16:05,2025-02-09 16:05,4,
245,PH-BXW,2025-02-09 15:55,2025-02-09 15:55,4,
244,CC-BGM,2025-02-09 15:45,2025-02-09 15:45,4,
242,EI-DHZ,2025-02-09 15:35,2025-02-09 15:35,4,
240,TC-JOE,2025-02-09 15:30,2025-02-09 15:30,4,
233,EC-MIR,2025-02-09 15:05,2025-02-09 15:05,5,
139,EC-MUG,2025-02-09 10:45,2025-02-09 15:00,6,
239,SU-GFR,2025-02-09 14:50,2025-02-09 14:50,5,
226,EC-NGY,2025-02-09 14:35,2025-02-09 14:35,5,
218,OE-LSO,2025-02-09 14:25,2025-02-09 14:25,5,
219,SP-LWD,2025-02-09 14:25,2025-02-09 14:25,5,
238,EC-NXV,2025-02-09 13:58,2025-02-09 13:58,5,
209,CS-TXC,2025-02-09 13:55,2025-02-09 13:55,5,
237,7T-VJN,2025-02-09 13:54,2025-02-09 13:54,5,
236,EC-NZF,2025-02-09 13:52,2025-02-09 13:52,5,
235,EC-ODL,2025-02-09 13:50,2025-02-09 13:50,5,
206,EI-HGN,2025-02-09 13:45,2025-02-09 13:45,5,
202,A7-BHM,2025-02-09 13:40,2025-02-09 13:40,5,
156,N128AM,2025-02-09 11:40,2025-02-09 13:33,15,
182,PH-BXG,2025-02-09 12:30,2025-02-09 13:33,14,
181,EI-EKT,2025-02-09 12:25,2025-02-09 13:31,14,
196,EI-EFO,2025-02-09 13:30,2025-02-09 13:30,5,
192,TC-LSS,2025-02-09 13:20,2025-02-09 13:20,5,
234,CC-BGS,2025-02-09 13:20,2025-02-09 13:20,5,
187,B-1466,2025-02-09 12:55,2025-02-09 12:55,9,
159,9H-QCD,2025-02-09 11:50,2025-02-09 11:50,10,
160,G-EUUV,2025-02-09 11:50,2025-02-09 11:50,10,
161,TC-RDF,2025-02-09 11:50,2025-02-09 11:50,10,
157,EI-EKY,2025-02-09 11:45,2025-02-09 11:45,10,
153,F-HZUL,2025-02-09 11:35,2025-02-09 11:35,10,
152,CS-TNJ,2025-02-09 11:25,2025-02-09 11:25,10,
145,D-AINO,2025-02-09 11:00,2025-02-09 11:00,2,
144,YR-BGG,2025-02-09 10:55,2025-02-09 10:55,1,
142,EI-HOI,2025-02-09 10:50,2025-02-09 10:50,1,
176,G-DBCE,2025-02-09 10:41,2025-02-09 10:41,1,
136,4X-EKU,2025-02-09 10:40,2025-02-09 10:40,1,
174,9H-QDF,2025-02-09 10:37,2025-02-09 10:37,1,
134,G-EUUI,2025-02-09 10:35,2025-02-09 10:35,1,
172,9H-AEH,2025-02-09 10:34,2025-02-09 10:34,1,
170,HA-LXY,2025-02-09 10:30,2025-02-09 10:30,1,
168,OE-IDU,2025-02-09 10:27,2025-02-09 10:27,1,
167,EI-EVH,2025-02-09 10:26,2025-02-09 10:26,1,
166,N438AM,2025-02-09 10:22,2025-02-09 10:22,1,
125,EC-MJP,2025-02-09 10:20,2025-02-09 10:20,1,
91,A6-DDE,2025-01-30T06:36:00Z,2025-01-30T06:36:00Z,1,
90,EC-MXU,2025-01-30T06:30:00Z,2025-01-30T06:30:00Z,1,
98,D-AIZP,2025-01-30T06:28:00Z,2025-01-30T06:28:00Z,1,
53,EC-MLN,2025-01-30T05:40:00Z,2025-01-30T05:40:00Z,4,
87,EC-NFA,2025-01-30 06:57,2025-01-30 06:57,1,
47,B-1431,2025-01-30 06:55,2025-01-30 06:55,5,
45,B-321J,2025-01-30 06:40,2025-01-30 06:40,7,
80,OO-TCV,2025-01-30 06:34,2025-01-30 06:34,1,
78,F-GTAK,2025-01-30 06:28,2025-01-30 06:28,1,
7,EC-NFN,2025-01-30 06:10,2025-01-30 06:10,17,
73,PH-BXD,2025-01-30 06:09,2025-01-30 06:09,2,
74,D-AILK,2025-01-30 06:09,2025-01-30 06:09,2,
6,F-HIQI,2025-01-30 06:05,2025-01-30 06:05,17,
72,TC-JHS,2025-01-30 06:03,2025-01-30 06:03,2,
5,N394UP,2025-01-30 06:00,2025-01-30 06:00,17,
55,A7-BFX,2025-01-29T23:39:16Z,2025-01-29T23:39:16Z,4,
71,A6-BLW,2025-01-29T22:25:00Z,2025-01-29T22:25:00Z,2,
3,N6789E,2023-04-05,2023-11-25,42,es un participante de show aéreos
2,N2345D,2023-05-12,2023-10-17,9,podéis revisar en google quien es el dueño...
1130,hhh,,,,
